genome_id,genome_id,Min,N25,N50,AuN,gc,Max,N75,Count,Total,N90,Avg,gtdb_release,Domain,Phylum,Class,Order,Family,Genus,Species,Organism,accession,name,trna_aa_count,contig_count,n50_contigs,longest_contig,scaffold_count,n50_scaffolds,longest_scaffold,genome_size,gc_percentage,ambiguous_bases,checkm_completeness,checkm_contamination,checkm_strain_heterogeneity,lsu_5s_count,ssu_count,lsu_23s_count,protein_count,coding_density,ncbi_genbank_assembly_accession,ncbi_strain_identifiers,ncbi_assembly_level,ncbi_assembly_name,ncbi_assembly_type,ncbi_bioproject,ncbi_biosample,ncbi_country,ncbi_date,ncbi_genome_category,ncbi_genome_representation,ncbi_isolate,ncbi_isolation_source,ncbi_lat_lon,ncbi_molecule_count,ncbi_cds_count,ncbi_refseq_category,ncbi_seq_rel_date,ncbi_spanned_gaps,ncbi_species_taxid,ncbi_ssu_count,ncbi_submitter,ncbi_taxid,ncbi_total_gap_length,ncbi_translation_table,ncbi_trna_count,ncbi_unspanned_gaps,ncbi_version_status,ncbi_wgs_master,gtdbTypeDesignation,gtdbTypeDesignationSources,lpsnTypeDesignation,dsmzTypeDesignation,lpsnPriorityYear,gtdbTypeSpeciesOfGenus,ncbi_taxonomy,ncbi_taxonomy_unfiltered,gtdb_representative,gtdb_genome_representative,ncbi_type_material_designation,gtdbDomain,gtdbPhylum,gtdbClass,gtdbOrder,gtdbFamily,gtdbGenus,gtdbSpecies,gtdbTypeDesignation.1,subunit_summary,speciesRepName,speciesClusterCount,lpsnUrl,link_ncbi_taxonomy,link_ncbi_taxonomy_unfiltered,0,1,2,3,4,5,6,ncbiTaxonomyUnfiltered,detail,assembly_level,sequence_quality
GCF_003635025.1,GCF_003635025.1,140452,8125734,8125734,7990054.881787078,0.7038623374794615,8125734,8125734,2,8266186,8125734,4133093.0,R207,d__Bacteria,p__Actinobacteriota,c__Actinomycetia,o__Mycobacteriales,f__Pseudonocardiaceae,g__Saccharopolyspora,antimicrobica,s__Saccharopolyspora antimicrobica,GCA_003635025.1,GCF_003635025.1,19.0,2.0,8125734.0,8125734.0,2.0,8125734.0,8125734.0,8266186.0,70.38623374794615,0.0,100.0,3.19,7.69,5.0,5.0,6.0,7658.0,87.51350380937473,GCA_003635025.1,DSM 45119,Contig,ASM363502v1,na,PRJNA224116,SAMN04490245,,2018-10-11,,full,,,,0.0,,representative genome,2018/10/11,0.0,455193.0,,DOE Joint Genome Institute,455193.0,0.0,,,0.0,latest,RBXX00000000.1,type strain of species,LPSN,type strain of species,type strain of species,2008.0,False,d__Bacteria;p__Actinobacteria;c__Actinomycetia;o__Pseudonocardiales;f__Pseudonocardiaceae;g__Saccharopolyspora;s__Saccharopolyspora antimicrobica,d__Bacteria;x__Terrabacteria group;p__Actinobacteria;c__Actinomycetia;o__Pseudonocardiales;f__Pseudonocardiaceae;g__Saccharopolyspora;s__Saccharopolyspora antimicrobica,True,RS_GCF_003635025.1,assembly from type material,d__Bacteria,p__Actinomycetota,c__Actinomycetia,o__Mycobacteriales,f__Pseudonocardiaceae,g__Saccharopolyspora,s__Saccharopolyspora antimicrobica,type strain of species,5S/16S/23S,GCA_003635025.1,2.0,https://lpsn.dsmz.de/species/saccharopolyspora-antimicrobica,"<a target=""_blank"" href=""https://www.ncbi.nlm.nih.gov/data-hub/taxonomy/2/"">d__Bacteria</a>; <a target=""_blank"" href=""https://www.ncbi.nlm.nih.gov/data-hub/taxonomy/201174/"">p__Actinobacteria</a>; <a target=""_blank"" href=""https://www.ncbi.nlm.nih.gov/data-hub/taxonomy/1760/"">c__Actinomycetia</a>; <a target=""_blank"" href=""https://www.ncbi.nlm.nih.gov/data-hub/taxonomy/85010/"">o__Pseudonocardiales</a>; <a target=""_blank"" href=""https://www.ncbi.nlm.nih.gov/data-hub/taxonomy/2070/"">f__Pseudonocardiaceae</a>; <a target=""_blank"" href=""https://www.ncbi.nlm.nih.gov/data-hub/taxonomy/1835/"">g__Saccharopolyspora</a>; <a target=""_blank"" href=""https://www.ncbi.nlm.nih.gov/data-hub/taxonomy/455193/"">s__Saccharopolyspora antimicrobica</a>","<a target=""_blank"" href=""https://www.ncbi.nlm.nih.gov/data-hub/taxonomy/2/"">d__Bacteria</a>; <a target=""_blank"" href=""https://www.ncbi.nlm.nih.gov/data-hub/taxonomy/1783272/"">x__Terrabacteria group</a>; <a target=""_blank"" href=""https://www.ncbi.nlm.nih.gov/data-hub/taxonomy/201174/"">p__Actinobacteria</a>; <a target=""_blank"" href=""https://www.ncbi.nlm.nih.gov/data-hub/taxonomy/1760/"">c__Actinomycetia</a>; <a target=""_blank"" href=""https://www.ncbi.nlm.nih.gov/data-hub/taxonomy/85010/"">o__Pseudonocardiales</a>; <a target=""_blank"" href=""https://www.ncbi.nlm.nih.gov/data-hub/taxonomy/2070/"">f__Pseudonocardiaceae</a>; <a target=""_blank"" href=""https://www.ncbi.nlm.nih.gov/data-hub/taxonomy/1835/"">g__Saccharopolyspora</a>; <a target=""_blank"" href=""https://www.ncbi.nlm.nih.gov/data-hub/taxonomy/455193/"">s__Saccharopolyspora antimicrobica</a>","{'taxon': 'd__Bacteria', 'taxonId': '2'}","{'taxon': 'p__Actinobacteria', 'taxonId': '201174'}","{'taxon': 'c__Actinomycetia', 'taxonId': '1760'}","{'taxon': 'o__Pseudonocardiales', 'taxonId': '85010'}","{'taxon': 'f__Pseudonocardiaceae', 'taxonId': '2070'}","{'taxon': 'g__Saccharopolyspora', 'taxonId': '1835'}","{'taxon': 's__Saccharopolyspora antimicrobica', 'taxonId': '455193'}","[{'taxon': 'd__Bacteria', 'taxonId': '2'}, {'taxon': 'x__Terrabacteria group', 'taxonId': '1783272'}, {'taxon': 'p__Actinobacteria', 'taxonId': '201174'}, {'taxon': 'c__Actinomycetia', 'taxonId': '1760'}, {'taxon': 'o__Pseudonocardiales', 'taxonId': '85010'}, {'taxon': 'f__Pseudonocardiaceae', 'taxonId': '2070'}, {'taxon': 'g__Saccharopolyspora', 'taxonId': '1835'}, {'taxon': 's__Saccharopolyspora antimicrobica', 'taxonId': '455193'}]",Genome found,Contig,HQ
GCF_900114905.1,GCF_900114905.1,1089,645947,345124,667698.4090141996,0.7043312457011255,1889235,181074,43,8219321,107318,191147.0,R207,d__Bacteria,p__Actinobacteriota,c__Actinomycetia,o__Mycobacteriales,f__Pseudonocardiaceae,g__Saccharopolyspora,antimicrobica,s__Saccharopolyspora antimicrobica,GCA_900114905.1,GCF_900114905.1,19.0,47.0,343399.0,1001818.0,43.0,345124.0,1889235.0,8219321.0,70.43312457011255,0.0,100.0,3.19,7.69,4.0,1.0,2.0,7662.0,87.72927836739798,GCA_900114905.1,CPCC 201259,Scaffold,IMG-taxon 2675903057 annotated assembly,na,PRJNA224116,SAMN05421805,,2016-11-05,,full,,,,0.0,,na,2016/11/05,4.0,455193.0,,DOE - JOINT GENOME INSTITUTE,455193.0,600.0,,,0.0,latest,FOUP00000000.1,not type material,,not type material,not type material,,False,d__Bacteria;p__Actinobacteria;c__Actinomycetia;o__Pseudonocardiales;f__Pseudonocardiaceae;g__Saccharopolyspora;s__Saccharopolyspora antimicrobica,d__Bacteria;x__Terrabacteria group;p__Actinobacteria;c__Actinomycetia;o__Pseudonocardiales;f__Pseudonocardiaceae;g__Saccharopolyspora;s__Saccharopolyspora antimicrobica,False,RS_GCF_003635025.1,,d__Bacteria,p__Actinomycetota,c__Actinomycetia,o__Mycobacteriales,f__Pseudonocardiaceae,g__Saccharopolyspora,s__Saccharopolyspora antimicrobica,not type material,5S/16S/23S,GCA_003635025.1,2.0,https://lpsn.dsmz.de/species/saccharopolyspora-antimicrobica,"<a target=""_blank"" href=""https://www.ncbi.nlm.nih.gov/data-hub/taxonomy/2/"">d__Bacteria</a>; <a target=""_blank"" href=""https://www.ncbi.nlm.nih.gov/data-hub/taxonomy/201174/"">p__Actinobacteria</a>; <a target=""_blank"" href=""https://www.ncbi.nlm.nih.gov/data-hub/taxonomy/1760/"">c__Actinomycetia</a>; <a target=""_blank"" href=""https://www.ncbi.nlm.nih.gov/data-hub/taxonomy/85010/"">o__Pseudonocardiales</a>; <a target=""_blank"" href=""https://www.ncbi.nlm.nih.gov/data-hub/taxonomy/2070/"">f__Pseudonocardiaceae</a>; <a target=""_blank"" href=""https://www.ncbi.nlm.nih.gov/data-hub/taxonomy/1835/"">g__Saccharopolyspora</a>; <a target=""_blank"" href=""https://www.ncbi.nlm.nih.gov/data-hub/taxonomy/455193/"">s__Saccharopolyspora antimicrobica</a>","<a target=""_blank"" href=""https://www.ncbi.nlm.nih.gov/data-hub/taxonomy/2/"">d__Bacteria</a>; <a target=""_blank"" href=""https://www.ncbi.nlm.nih.gov/data-hub/taxonomy/1783272/"">x__Terrabacteria group</a>; <a target=""_blank"" href=""https://www.ncbi.nlm.nih.gov/data-hub/taxonomy/201174/"">p__Actinobacteria</a>; <a target=""_blank"" href=""https://www.ncbi.nlm.nih.gov/data-hub/taxonomy/1760/"">c__Actinomycetia</a>; <a target=""_blank"" href=""https://www.ncbi.nlm.nih.gov/data-hub/taxonomy/85010/"">o__Pseudonocardiales</a>; <a target=""_blank"" href=""https://www.ncbi.nlm.nih.gov/data-hub/taxonomy/2070/"">f__Pseudonocardiaceae</a>; <a target=""_blank"" href=""https://www.ncbi.nlm.nih.gov/data-hub/taxonomy/1835/"">g__Saccharopolyspora</a>; <a target=""_blank"" href=""https://www.ncbi.nlm.nih.gov/data-hub/taxonomy/455193/"">s__Saccharopolyspora antimicrobica</a>","{'taxon': 'd__Bacteria', 'taxonId': '2'}","{'taxon': 'p__Actinobacteria', 'taxonId': '201174'}","{'taxon': 'c__Actinomycetia', 'taxonId': '1760'}","{'taxon': 'o__Pseudonocardiales', 'taxonId': '85010'}","{'taxon': 'f__Pseudonocardiaceae', 'taxonId': '2070'}","{'taxon': 'g__Saccharopolyspora', 'taxonId': '1835'}","{'taxon': 's__Saccharopolyspora antimicrobica', 'taxonId': '455193'}","[{'taxon': 'd__Bacteria', 'taxonId': '2'}, {'taxon': 'x__Terrabacteria group', 'taxonId': '1783272'}, {'taxon': 'p__Actinobacteria', 'taxonId': '201174'}, {'taxon': 'c__Actinomycetia', 'taxonId': '1760'}, {'taxon': 'o__Pseudonocardiales', 'taxonId': '85010'}, {'taxon': 'f__Pseudonocardiaceae', 'taxonId': '2070'}, {'taxon': 'g__Saccharopolyspora', 'taxonId': '1835'}, {'taxon': 's__Saccharopolyspora antimicrobica', 'taxonId': '455193'}]",Genome found,Scaffold,MQ
GCF_007829955.1,GCF_007829955.1,108233,1972629,1390797,1194207.103300084,0.6970017271329593,1972629,728787,8,6410624,484333,801328.0,R207,d__Bacteria,p__Actinobacteriota,c__Actinomycetia,o__Mycobacteriales,f__Pseudonocardiaceae,g__Saccharopolyspora,dendranthemae,s__Saccharopolyspora dendranthemae,GCA_007829955.1,GCF_007829955.1,19.0,8.0,1390797.0,1972629.0,8.0,1390797.0,1972629.0,6410624.0,69.70017271329593,0.0,97.34,3.88,31.25,4.0,4.0,4.0,5786.0,88.65547254058264,GCA_007829955.1,DSM 46699,Contig,ASM782995v1,na,PRJNA224116,SAMN12024781,,2019-08-02,,full,,,,0.0,,representative genome,2019/08/02,0.0,1181886.0,,DOE Joint Genome Institute,1181886.0,0.0,,,0.0,latest,VIWX00000000.1,type strain of species,LPSN,type strain of species,type strain of species,2014.0,False,d__Bacteria;p__Actinobacteria;c__Actinomycetia;o__Pseudonocardiales;f__Pseudonocardiaceae;g__Saccharopolyspora;s__Saccharopolyspora dendranthemae,d__Bacteria;x__Terrabacteria group;p__Actinobacteria;c__Actinomycetia;o__Pseudonocardiales;f__Pseudonocardiaceae;g__Saccharopolyspora;s__Saccharopolyspora dendranthemae,True,RS_GCF_007829955.1,assembly from type material,d__Bacteria,p__Actinomycetota,c__Actinomycetia,o__Mycobacteriales,f__Pseudonocardiaceae,g__Saccharopolyspora,s__Saccharopolyspora dendranthemae,type strain of species,5S/16S/23S,GCA_007829955.1,1.0,https://lpsn.dsmz.de/species/saccharopolyspora-dendranthemae,"<a target=""_blank"" href=""https://www.ncbi.nlm.nih.gov/data-hub/taxonomy/2/"">d__Bacteria</a>; <a target=""_blank"" href=""https://www.ncbi.nlm.nih.gov/data-hub/taxonomy/201174/"">p__Actinobacteria</a>; <a target=""_blank"" href=""https://www.ncbi.nlm.nih.gov/data-hub/taxonomy/1760/"">c__Actinomycetia</a>; <a target=""_blank"" href=""https://www.ncbi.nlm.nih.gov/data-hub/taxonomy/85010/"">o__Pseudonocardiales</a>; <a target=""_blank"" href=""https://www.ncbi.nlm.nih.gov/data-hub/taxonomy/2070/"">f__Pseudonocardiaceae</a>; <a target=""_blank"" href=""https://www.ncbi.nlm.nih.gov/data-hub/taxonomy/1835/"">g__Saccharopolyspora</a>; <a target=""_blank"" href=""https://www.ncbi.nlm.nih.gov/data-hub/taxonomy/1181886/"">s__Saccharopolyspora dendranthemae</a>","<a target=""_blank"" href=""https://www.ncbi.nlm.nih.gov/data-hub/taxonomy/2/"">d__Bacteria</a>; <a target=""_blank"" href=""https://www.ncbi.nlm.nih.gov/data-hub/taxonomy/1783272/"">x__Terrabacteria group</a>; <a target=""_blank"" href=""https://www.ncbi.nlm.nih.gov/data-hub/taxonomy/201174/"">p__Actinobacteria</a>; <a target=""_blank"" href=""https://www.ncbi.nlm.nih.gov/data-hub/taxonomy/1760/"">c__Actinomycetia</a>; <a target=""_blank"" href=""https://www.ncbi.nlm.nih.gov/data-hub/taxonomy/85010/"">o__Pseudonocardiales</a>; <a target=""_blank"" href=""https://www.ncbi.nlm.nih.gov/data-hub/taxonomy/2070/"">f__Pseudonocardiaceae</a>; <a target=""_blank"" href=""https://www.ncbi.nlm.nih.gov/data-hub/taxonomy/1835/"">g__Saccharopolyspora</a>; <a target=""_blank"" href=""https://www.ncbi.nlm.nih.gov/data-hub/taxonomy/1181886/"">s__Saccharopolyspora dendranthemae</a>","{'taxon': 'd__Bacteria', 'taxonId': '2'}","{'taxon': 'p__Actinobacteria', 'taxonId': '201174'}","{'taxon': 'c__Actinomycetia', 'taxonId': '1760'}","{'taxon': 'o__Pseudonocardiales', 'taxonId': '85010'}","{'taxon': 'f__Pseudonocardiaceae', 'taxonId': '2070'}","{'taxon': 'g__Saccharopolyspora', 'taxonId': '1835'}","{'taxon': 's__Saccharopolyspora dendranthemae', 'taxonId': '1181886'}","[{'taxon': 'd__Bacteria', 'taxonId': '2'}, {'taxon': 'x__Terrabacteria group', 'taxonId': '1783272'}, {'taxon': 'p__Actinobacteria', 'taxonId': '201174'}, {'taxon': 'c__Actinomycetia', 'taxonId': '1760'}, {'taxon': 'o__Pseudonocardiales', 'taxonId': '85010'}, {'taxon': 'f__Pseudonocardiaceae', 'taxonId': '2070'}, {'taxon': 'g__Saccharopolyspora', 'taxonId': '1835'}, {'taxon': 's__Saccharopolyspora dendranthemae', 'taxonId': '1181886'}]",Genome found,Contig,MQ
GCF_018070075.1,GCF_018070075.1,991,669137,363995,461743.2178697218,0.6975256232823224,858004,266712,34,7167017,172711,210794.6176470588,R207,d__Bacteria,p__Actinobacteriota,c__Actinomycetia,o__Mycobacteriales,f__Pseudonocardiaceae,g__Saccharopolyspora,endophytica,s__Saccharopolyspora endophytica,GCA_018070075.1,GCF_018070075.1,19.0,34.0,363995.0,858004.0,34.0,363995.0,858004.0,7167017.0,69.75256232823224,0.0,99.82,2.86,0.0,4.0,1.0,1.0,6643.0,88.39261857478502,GCA_018070075.1,KCTC 19397,Contig,ASM1807007v1,na,PRJNA224116,SAMN18713782,,2021-04-18,,full,,,,0.0,,representative genome,2021/04/18,0.0,543886.0,,Ondokuz Mayis University,543886.0,0.0,,,0.0,latest,JAGPXE000000000.1,type strain of species,LPSN,type strain of species,,2021.0,False,d__Bacteria;p__Actinobacteria;c__Actinomycetia;o__Pseudonocardiales;f__Pseudonocardiaceae;g__Saccharopolyspora;s__Saccharopolyspora endophytica,d__Bacteria;x__Terrabacteria group;p__Actinobacteria;c__Actinomycetia;o__Pseudonocardiales;f__Pseudonocardiaceae;g__Saccharopolyspora;s__Saccharopolyspora endophytica,True,RS_GCF_018070075.1,assembly from type material,d__Bacteria,p__Actinomycetota,c__Actinomycetia,o__Mycobacteriales,f__Pseudonocardiaceae,g__Saccharopolyspora,s__Saccharopolyspora endophytica,type strain of species,5S/16S/23S,GCA_018070075.1,3.0,https://lpsn.dsmz.de/species/saccharopolyspora-endophytica,"<a target=""_blank"" href=""https://www.ncbi.nlm.nih.gov/data-hub/taxonomy/2/"">d__Bacteria</a>; <a target=""_blank"" href=""https://www.ncbi.nlm.nih.gov/data-hub/taxonomy/201174/"">p__Actinobacteria</a>; <a target=""_blank"" href=""https://www.ncbi.nlm.nih.gov/data-hub/taxonomy/1760/"">c__Actinomycetia</a>; <a target=""_blank"" href=""https://www.ncbi.nlm.nih.gov/data-hub/taxonomy/85010/"">o__Pseudonocardiales</a>; <a target=""_blank"" href=""https://www.ncbi.nlm.nih.gov/data-hub/taxonomy/2070/"">f__Pseudonocardiaceae</a>; <a target=""_blank"" href=""https://www.ncbi.nlm.nih.gov/data-hub/taxonomy/1835/"">g__Saccharopolyspora</a>; <a target=""_blank"" href=""https://www.ncbi.nlm.nih.gov/data-hub/taxonomy/543886/"">s__Saccharopolyspora endophytica</a>","<a target=""_blank"" href=""https://www.ncbi.nlm.nih.gov/data-hub/taxonomy/2/"">d__Bacteria</a>; <a target=""_blank"" href=""https://www.ncbi.nlm.nih.gov/data-hub/taxonomy/1783272/"">x__Terrabacteria group</a>; <a target=""_blank"" href=""https://www.ncbi.nlm.nih.gov/data-hub/taxonomy/201174/"">p__Actinobacteria</a>; <a target=""_blank"" href=""https://www.ncbi.nlm.nih.gov/data-hub/taxonomy/1760/"">c__Actinomycetia</a>; <a target=""_blank"" href=""https://www.ncbi.nlm.nih.gov/data-hub/taxonomy/85010/"">o__Pseudonocardiales</a>; <a target=""_blank"" href=""https://www.ncbi.nlm.nih.gov/data-hub/taxonomy/2070/"">f__Pseudonocardiaceae</a>; <a target=""_blank"" href=""https://www.ncbi.nlm.nih.gov/data-hub/taxonomy/1835/"">g__Saccharopolyspora</a>; <a target=""_blank"" href=""https://www.ncbi.nlm.nih.gov/data-hub/taxonomy/543886/"">s__Saccharopolyspora endophytica</a>","{'taxon': 'd__Bacteria', 'taxonId': '2'}","{'taxon': 'p__Actinobacteria', 'taxonId': '201174'}","{'taxon': 'c__Actinomycetia', 'taxonId': '1760'}","{'taxon': 'o__Pseudonocardiales', 'taxonId': '85010'}","{'taxon': 'f__Pseudonocardiaceae', 'taxonId': '2070'}","{'taxon': 'g__Saccharopolyspora', 'taxonId': '1835'}","{'taxon': 's__Saccharopolyspora endophytica', 'taxonId': '543886'}","[{'taxon': 'd__Bacteria', 'taxonId': '2'}, {'taxon': 'x__Terrabacteria group', 'taxonId': '1783272'}, {'taxon': 'p__Actinobacteria', 'taxonId': '201174'}, {'taxon': 'c__Actinomycetia', 'taxonId': '1760'}, {'taxon': 'o__Pseudonocardiales', 'taxonId': '85010'}, {'taxon': 'f__Pseudonocardiaceae', 'taxonId': '2070'}, {'taxon': 'g__Saccharopolyspora', 'taxonId': '1835'}, {'taxon': 's__Saccharopolyspora endophytica', 'taxonId': '543886'}]",Genome found,Contig,MQ
GCF_016859185.1,GCF_016859185.1,8305652,8305652,8305652,8305652.0,0.7111245450688278,8305652,8305652,1,8305652,8305652,8305652.0,R207,d__Bacteria,p__Actinobacteriota,c__Actinomycetia,o__Mycobacteriales,f__Pseudonocardiaceae,g__Saccharopolyspora_D,erythraea,s__Saccharopolyspora_D erythraea,GCA_016859185.1,GCF_016859185.1,19.0,1.0,8305652.0,8305652.0,1.0,8305652.0,8305652.0,8305652.0,71.11245450688278,0.0,100.0,2.65,30.77,4.0,4.0,4.0,7407.0,86.26696615750335,GCA_016859185.1,NRRL 23338,Complete Genome,ASM1685918v1,na,PRJNA224116,SAMN17765490,,2021-02-10,,full,,,,1.0,,na,2021/02/10,0.0,1836.0,,East China University of Science and Technology,1836.0,0.0,,,0.0,latest,,not type material,,not type material,,,False,d__Bacteria;p__Actinobacteria;c__Actinomycetia;o__Pseudonocardiales;f__Pseudonocardiaceae;g__Saccharopolyspora;s__Saccharopolyspora erythraea,d__Bacteria;x__Terrabacteria group;p__Actinobacteria;c__Actinomycetia;o__Pseudonocardiales;f__Pseudonocardiaceae;g__Saccharopolyspora;s__Saccharopolyspora erythraea,False,RS_GCF_000062885.1,,d__Bacteria,p__Actinomycetota,c__Actinomycetia,o__Mycobacteriales,f__Pseudonocardiaceae,g__Saccharopolyspora_D,s__Saccharopolyspora_D erythraea,not type material,5S/16S/23S,GCA_000062885.1,6.0,,"<a target=""_blank"" href=""https://www.ncbi.nlm.nih.gov/data-hub/taxonomy/2/"">d__Bacteria</a>; <a target=""_blank"" href=""https://www.ncbi.nlm.nih.gov/data-hub/taxonomy/201174/"">p__Actinobacteria</a>; <a target=""_blank"" href=""https://www.ncbi.nlm.nih.gov/data-hub/taxonomy/1760/"">c__Actinomycetia</a>; <a target=""_blank"" href=""https://www.ncbi.nlm.nih.gov/data-hub/taxonomy/85010/"">o__Pseudonocardiales</a>; <a target=""_blank"" href=""https://www.ncbi.nlm.nih.gov/data-hub/taxonomy/2070/"">f__Pseudonocardiaceae</a>; <a target=""_blank"" href=""https://www.ncbi.nlm.nih.gov/data-hub/taxonomy/1835/"">g__Saccharopolyspora</a>; <a target=""_blank"" href=""https://www.ncbi.nlm.nih.gov/data-hub/taxonomy/1836/"">s__Saccharopolyspora erythraea</a>","<a target=""_blank"" href=""https://www.ncbi.nlm.nih.gov/data-hub/taxonomy/2/"">d__Bacteria</a>; <a target=""_blank"" href=""https://www.ncbi.nlm.nih.gov/data-hub/taxonomy/1783272/"">x__Terrabacteria group</a>; <a target=""_blank"" href=""https://www.ncbi.nlm.nih.gov/data-hub/taxonomy/201174/"">p__Actinobacteria</a>; <a target=""_blank"" href=""https://www.ncbi.nlm.nih.gov/data-hub/taxonomy/1760/"">c__Actinomycetia</a>; <a target=""_blank"" href=""https://www.ncbi.nlm.nih.gov/data-hub/taxonomy/85010/"">o__Pseudonocardiales</a>; <a target=""_blank"" href=""https://www.ncbi.nlm.nih.gov/data-hub/taxonomy/2070/"">f__Pseudonocardiaceae</a>; <a target=""_blank"" href=""https://www.ncbi.nlm.nih.gov/data-hub/taxonomy/1835/"">g__Saccharopolyspora</a>; <a target=""_blank"" href=""https://www.ncbi.nlm.nih.gov/data-hub/taxonomy/1836/"">s__Saccharopolyspora erythraea</a>","{'taxon': 'd__Bacteria', 'taxonId': '2'}","{'taxon': 'p__Actinobacteria', 'taxonId': '201174'}","{'taxon': 'c__Actinomycetia', 'taxonId': '1760'}","{'taxon': 'o__Pseudonocardiales', 'taxonId': '85010'}","{'taxon': 'f__Pseudonocardiaceae', 'taxonId': '2070'}","{'taxon': 'g__Saccharopolyspora', 'taxonId': '1835'}","{'taxon': 's__Saccharopolyspora erythraea', 'taxonId': '1836'}","[{'taxon': 'd__Bacteria', 'taxonId': '2'}, {'taxon': 'x__Terrabacteria group', 'taxonId': '1783272'}, {'taxon': 'p__Actinobacteria', 'taxonId': '201174'}, {'taxon': 'c__Actinomycetia', 'taxonId': '1760'}, {'taxon': 'o__Pseudonocardiales', 'taxonId': '85010'}, {'taxon': 'f__Pseudonocardiaceae', 'taxonId': '2070'}, {'taxon': 'g__Saccharopolyspora', 'taxonId': '1835'}, {'taxon': 's__Saccharopolyspora erythraea', 'taxonId': '1836'}]",Genome found,Complete Genome,HQ
GCF_018141105.1,GCF_018141105.1,8243897,8243897,8243897,8243897.0,0.710667418576433,8243897,8243897,1,8243897,8243897,8243897.0,R207,d__Bacteria,p__Actinobacteriota,c__Actinomycetia,o__Mycobacteriales,f__Pseudonocardiaceae,g__Saccharopolyspora_D,erythraea_A,s__Saccharopolyspora_D erythraea_A,GCA_018141105.1,GCF_018141105.1,19.0,1.0,8243897.0,8243897.0,1.0,8243897.0,8243897.0,8243897.0,71.06674185764331,0.0,99.65,2.28,15.38,4.0,4.0,4.0,7435.0,87.28290758606033,GCA_018141105.1,SCSIO 07745,Complete Genome,ASM1814110v1,na,PRJNA224116,SAMN15207696,,2021-04-27,,full,,,,1.0,,na,2021/04/27,0.0,1836.0,,CAS Key Laboratory of Tropical Marine Bio-resources and Ecology,1836.0,0.0,,,0.0,latest,,not type material,,not type material,,,False,d__Bacteria;p__Actinobacteria;c__Actinomycetia;o__Pseudonocardiales;f__Pseudonocardiaceae;g__Saccharopolyspora;s__Saccharopolyspora erythraea,d__Bacteria;x__Terrabacteria group;p__Actinobacteria;c__Actinomycetia;o__Pseudonocardiales;f__Pseudonocardiaceae;g__Saccharopolyspora;s__Saccharopolyspora erythraea,True,RS_GCF_018141105.1,,d__Bacteria,p__Actinomycetota,c__Actinomycetia,o__Mycobacteriales,f__Pseudonocardiaceae,g__Saccharopolyspora_D,s__Saccharopolyspora_D erythraea_A,not type material,5S/16S/23S,GCA_018141105.1,1.0,,"<a target=""_blank"" href=""https://www.ncbi.nlm.nih.gov/data-hub/taxonomy/2/"">d__Bacteria</a>; <a target=""_blank"" href=""https://www.ncbi.nlm.nih.gov/data-hub/taxonomy/201174/"">p__Actinobacteria</a>; <a target=""_blank"" href=""https://www.ncbi.nlm.nih.gov/data-hub/taxonomy/1760/"">c__Actinomycetia</a>; <a target=""_blank"" href=""https://www.ncbi.nlm.nih.gov/data-hub/taxonomy/85010/"">o__Pseudonocardiales</a>; <a target=""_blank"" href=""https://www.ncbi.nlm.nih.gov/data-hub/taxonomy/2070/"">f__Pseudonocardiaceae</a>; <a target=""_blank"" href=""https://www.ncbi.nlm.nih.gov/data-hub/taxonomy/1835/"">g__Saccharopolyspora</a>; <a target=""_blank"" href=""https://www.ncbi.nlm.nih.gov/data-hub/taxonomy/1836/"">s__Saccharopolyspora erythraea</a>","<a target=""_blank"" href=""https://www.ncbi.nlm.nih.gov/data-hub/taxonomy/2/"">d__Bacteria</a>; <a target=""_blank"" href=""https://www.ncbi.nlm.nih.gov/data-hub/taxonomy/1783272/"">x__Terrabacteria group</a>; <a target=""_blank"" href=""https://www.ncbi.nlm.nih.gov/data-hub/taxonomy/201174/"">p__Actinobacteria</a>; <a target=""_blank"" href=""https://www.ncbi.nlm.nih.gov/data-hub/taxonomy/1760/"">c__Actinomycetia</a>; <a target=""_blank"" href=""https://www.ncbi.nlm.nih.gov/data-hub/taxonomy/85010/"">o__Pseudonocardiales</a>; <a target=""_blank"" href=""https://www.ncbi.nlm.nih.gov/data-hub/taxonomy/2070/"">f__Pseudonocardiaceae</a>; <a target=""_blank"" href=""https://www.ncbi.nlm.nih.gov/data-hub/taxonomy/1835/"">g__Saccharopolyspora</a>; <a target=""_blank"" href=""https://www.ncbi.nlm.nih.gov/data-hub/taxonomy/1836/"">s__Saccharopolyspora erythraea</a>","{'taxon': 'd__Bacteria', 'taxonId': '2'}","{'taxon': 'p__Actinobacteria', 'taxonId': '201174'}","{'taxon': 'c__Actinomycetia', 'taxonId': '1760'}","{'taxon': 'o__Pseudonocardiales', 'taxonId': '85010'}","{'taxon': 'f__Pseudonocardiaceae', 'taxonId': '2070'}","{'taxon': 'g__Saccharopolyspora', 'taxonId': '1835'}","{'taxon': 's__Saccharopolyspora erythraea', 'taxonId': '1836'}","[{'taxon': 'd__Bacteria', 'taxonId': '2'}, {'taxon': 'x__Terrabacteria group', 'taxonId': '1783272'}, {'taxon': 'p__Actinobacteria', 'taxonId': '201174'}, {'taxon': 'c__Actinomycetia', 'taxonId': '1760'}, {'taxon': 'o__Pseudonocardiales', 'taxonId': '85010'}, {'taxon': 'f__Pseudonocardiaceae', 'taxonId': '2070'}, {'taxon': 'g__Saccharopolyspora', 'taxonId': '1835'}, {'taxon': 's__Saccharopolyspora erythraea', 'taxonId': '1836'}]",Genome found,Complete Genome,HQ
GCF_022392385.1,GCF_022392385.1,2379324,5801759,5801759,4806404.016565655,0.7118386770561067,5801759,2379324,2,8181083,2379324,4090541.5,unknown,d__Bacteria,p__Actinobacteriota,c__Actinomycetia,o__Mycobacteriales,f__Pseudonocardiaceae,g__Saccharopolyspora_D,erythraea,s__Saccharopolyspora_D erythraea,,,,,,,,,,,,,,,,,,,,,,,,,,,,,,,,,,,,,,,,,,,,,,,,,,,,,,,,,,,,,,,,,,,,,,,,,,,,,,,,,,,,Scaffold,HQ
GCF_000062885.1,GCF_000062885.1,8212805,8212805,8212805,8212805.0,0.7114596048487697,8212805,8212805,1,8212805,8212805,8212805.0,R207,d__Bacteria,p__Actinobacteriota,c__Actinomycetia,o__Mycobacteriales,f__Pseudonocardiaceae,g__Saccharopolyspora_D,erythraea,s__Saccharopolyspora_D erythraea,GCA_000062885.1,GCF_000062885.1,19.0,1.0,8212805.0,8212805.0,1.0,8212805.0,8212805.0,8212805.0,71.14596048487697,0.0,100.0,1.95,18.18,4.0,4.0,4.0,7279.0,86.36916376317227,GCA_000062885.1,NRRL 2338,Complete Genome,ASM6288v1,na,PRJNA224116,SAMEA2272514,,2007-03-21,,full,,,,1.0,,representative genome,2007/03/21,0.0,1836.0,,"Department of Biochemistry, University of Cambridge",405948.0,0.0,,,0.0,latest,,type strain of species,LPSN,type strain of species,type strain of species,1923.0,False,d__Bacteria;p__Actinobacteria;c__Actinomycetia;o__Pseudonocardiales;f__Pseudonocardiaceae;g__Saccharopolyspora;s__Saccharopolyspora erythraea,d__Bacteria;x__Terrabacteria group;p__Actinobacteria;c__Actinomycetia;o__Pseudonocardiales;f__Pseudonocardiaceae;g__Saccharopolyspora;s__Saccharopolyspora erythraea;x__Saccharopolyspora erythraea NRRL 2338,True,RS_GCF_000062885.1,assembly from type material,d__Bacteria,p__Actinomycetota,c__Actinomycetia,o__Mycobacteriales,f__Pseudonocardiaceae,g__Saccharopolyspora_D,s__Saccharopolyspora_D erythraea,type strain of species,5S/16S/23S,GCA_000062885.1,6.0,,"<a target=""_blank"" href=""https://www.ncbi.nlm.nih.gov/data-hub/taxonomy/2/"">d__Bacteria</a>; <a target=""_blank"" href=""https://www.ncbi.nlm.nih.gov/data-hub/taxonomy/201174/"">p__Actinobacteria</a>; <a target=""_blank"" href=""https://www.ncbi.nlm.nih.gov/data-hub/taxonomy/1760/"">c__Actinomycetia</a>; <a target=""_blank"" href=""https://www.ncbi.nlm.nih.gov/data-hub/taxonomy/85010/"">o__Pseudonocardiales</a>; <a target=""_blank"" href=""https://www.ncbi.nlm.nih.gov/data-hub/taxonomy/2070/"">f__Pseudonocardiaceae</a>; <a target=""_blank"" href=""https://www.ncbi.nlm.nih.gov/data-hub/taxonomy/1835/"">g__Saccharopolyspora</a>; <a target=""_blank"" href=""https://www.ncbi.nlm.nih.gov/data-hub/taxonomy/1836/"">s__Saccharopolyspora erythraea</a>","<a target=""_blank"" href=""https://www.ncbi.nlm.nih.gov/data-hub/taxonomy/2/"">d__Bacteria</a>; <a target=""_blank"" href=""https://www.ncbi.nlm.nih.gov/data-hub/taxonomy/1783272/"">x__Terrabacteria group</a>; <a target=""_blank"" href=""https://www.ncbi.nlm.nih.gov/data-hub/taxonomy/201174/"">p__Actinobacteria</a>; <a target=""_blank"" href=""https://www.ncbi.nlm.nih.gov/data-hub/taxonomy/1760/"">c__Actinomycetia</a>; <a target=""_blank"" href=""https://www.ncbi.nlm.nih.gov/data-hub/taxonomy/85010/"">o__Pseudonocardiales</a>; <a target=""_blank"" href=""https://www.ncbi.nlm.nih.gov/data-hub/taxonomy/2070/"">f__Pseudonocardiaceae</a>; <a target=""_blank"" href=""https://www.ncbi.nlm.nih.gov/data-hub/taxonomy/1835/"">g__Saccharopolyspora</a>; <a target=""_blank"" href=""https://www.ncbi.nlm.nih.gov/data-hub/taxonomy/1836/"">s__Saccharopolyspora erythraea</a>; <a target=""_blank"" href=""https://www.ncbi.nlm.nih.gov/data-hub/taxonomy/405948/"">x__Saccharopolyspora erythraea NRRL 2338</a>","{'taxon': 'd__Bacteria', 'taxonId': '2'}","{'taxon': 'p__Actinobacteria', 'taxonId': '201174'}","{'taxon': 'c__Actinomycetia', 'taxonId': '1760'}","{'taxon': 'o__Pseudonocardiales', 'taxonId': '85010'}","{'taxon': 'f__Pseudonocardiaceae', 'taxonId': '2070'}","{'taxon': 'g__Saccharopolyspora', 'taxonId': '1835'}","{'taxon': 's__Saccharopolyspora erythraea', 'taxonId': '1836'}","[{'taxon': 'd__Bacteria', 'taxonId': '2'}, {'taxon': 'x__Terrabacteria group', 'taxonId': '1783272'}, {'taxon': 'p__Actinobacteria', 'taxonId': '201174'}, {'taxon': 'c__Actinomycetia', 'taxonId': '1760'}, {'taxon': 'o__Pseudonocardiales', 'taxonId': '85010'}, {'taxon': 'f__Pseudonocardiaceae', 'taxonId': '2070'}, {'taxon': 'g__Saccharopolyspora', 'taxonId': '1835'}, {'taxon': 's__Saccharopolyspora erythraea', 'taxonId': '1836'}, {'taxon': 'x__Saccharopolyspora erythraea NRRL 2338', 'taxonId': '405948'}]",Genome found,Complete Genome,HQ
GCF_002564065.1,GCF_002564065.1,8230103,8230103,8230103,8230103.0,0.7114145473027494,8230103,8230103,1,8230103,8230103,8230103.0,R207,d__Bacteria,p__Actinobacteriota,c__Actinomycetia,o__Mycobacteriales,f__Pseudonocardiaceae,g__Saccharopolyspora_D,erythraea,s__Saccharopolyspora_D erythraea,GCA_002564065.1,GCF_002564065.1,19.0,1.0,8230103.0,8230103.0,1.0,8230103.0,8230103.0,8230103.0,71.14145473027494,0.0,100.0,1.95,18.18,4.0,4.0,4.0,7308.0,86.35506748821977,GCA_002564065.1,DSM 40517,Contig,ASM256406v1,na,PRJNA224116,SAMN05192572,,2017-10-17,,full,,,,0.0,,na,2017/10/17,0.0,1836.0,,DOE Joint Genome Institute,405948.0,0.0,,,0.0,latest,PDBV00000000.1,type strain of species,LPSN,type strain of species,type strain of species,1923.0,False,d__Bacteria;p__Actinobacteria;c__Actinomycetia;o__Pseudonocardiales;f__Pseudonocardiaceae;g__Saccharopolyspora;s__Saccharopolyspora erythraea,d__Bacteria;x__Terrabacteria group;p__Actinobacteria;c__Actinomycetia;o__Pseudonocardiales;f__Pseudonocardiaceae;g__Saccharopolyspora;s__Saccharopolyspora erythraea;x__Saccharopolyspora erythraea NRRL 2338,False,RS_GCF_000062885.1,assembly from type material,d__Bacteria,p__Actinomycetota,c__Actinomycetia,o__Mycobacteriales,f__Pseudonocardiaceae,g__Saccharopolyspora_D,s__Saccharopolyspora_D erythraea,type strain of species,5S/16S/23S,GCA_000062885.1,6.0,,"<a target=""_blank"" href=""https://www.ncbi.nlm.nih.gov/data-hub/taxonomy/2/"">d__Bacteria</a>; <a target=""_blank"" href=""https://www.ncbi.nlm.nih.gov/data-hub/taxonomy/201174/"">p__Actinobacteria</a>; <a target=""_blank"" href=""https://www.ncbi.nlm.nih.gov/data-hub/taxonomy/1760/"">c__Actinomycetia</a>; <a target=""_blank"" href=""https://www.ncbi.nlm.nih.gov/data-hub/taxonomy/85010/"">o__Pseudonocardiales</a>; <a target=""_blank"" href=""https://www.ncbi.nlm.nih.gov/data-hub/taxonomy/2070/"">f__Pseudonocardiaceae</a>; <a target=""_blank"" href=""https://www.ncbi.nlm.nih.gov/data-hub/taxonomy/1835/"">g__Saccharopolyspora</a>; <a target=""_blank"" href=""https://www.ncbi.nlm.nih.gov/data-hub/taxonomy/1836/"">s__Saccharopolyspora erythraea</a>","<a target=""_blank"" href=""https://www.ncbi.nlm.nih.gov/data-hub/taxonomy/2/"">d__Bacteria</a>; <a target=""_blank"" href=""https://www.ncbi.nlm.nih.gov/data-hub/taxonomy/1783272/"">x__Terrabacteria group</a>; <a target=""_blank"" href=""https://www.ncbi.nlm.nih.gov/data-hub/taxonomy/201174/"">p__Actinobacteria</a>; <a target=""_blank"" href=""https://www.ncbi.nlm.nih.gov/data-hub/taxonomy/1760/"">c__Actinomycetia</a>; <a target=""_blank"" href=""https://www.ncbi.nlm.nih.gov/data-hub/taxonomy/85010/"">o__Pseudonocardiales</a>; <a target=""_blank"" href=""https://www.ncbi.nlm.nih.gov/data-hub/taxonomy/2070/"">f__Pseudonocardiaceae</a>; <a target=""_blank"" href=""https://www.ncbi.nlm.nih.gov/data-hub/taxonomy/1835/"">g__Saccharopolyspora</a>; <a target=""_blank"" href=""https://www.ncbi.nlm.nih.gov/data-hub/taxonomy/1836/"">s__Saccharopolyspora erythraea</a>; <a target=""_blank"" href=""https://www.ncbi.nlm.nih.gov/data-hub/taxonomy/405948/"">x__Saccharopolyspora erythraea NRRL 2338</a>","{'taxon': 'd__Bacteria', 'taxonId': '2'}","{'taxon': 'p__Actinobacteria', 'taxonId': '201174'}","{'taxon': 'c__Actinomycetia', 'taxonId': '1760'}","{'taxon': 'o__Pseudonocardiales', 'taxonId': '85010'}","{'taxon': 'f__Pseudonocardiaceae', 'taxonId': '2070'}","{'taxon': 'g__Saccharopolyspora', 'taxonId': '1835'}","{'taxon': 's__Saccharopolyspora erythraea', 'taxonId': '1836'}","[{'taxon': 'd__Bacteria', 'taxonId': '2'}, {'taxon': 'x__Terrabacteria group', 'taxonId': '1783272'}, {'taxon': 'p__Actinobacteria', 'taxonId': '201174'}, {'taxon': 'c__Actinomycetia', 'taxonId': '1760'}, {'taxon': 'o__Pseudonocardiales', 'taxonId': '85010'}, {'taxon': 'f__Pseudonocardiaceae', 'taxonId': '2070'}, {'taxon': 'g__Saccharopolyspora', 'taxonId': '1835'}, {'taxon': 's__Saccharopolyspora erythraea', 'taxonId': '1836'}, {'taxon': 'x__Saccharopolyspora erythraea NRRL 2338', 'taxonId': '405948'}]",Genome found,Contig,HQ
GCF_900116135.1,GCF_900116135.1,1350,770003,505605,691690.7902655716,0.7077562954321726,1461917,302163,22,6291299,158395,285968.1363636364,R207,d__Bacteria,p__Actinobacteriota,c__Actinomycetia,o__Mycobacteriales,f__Pseudonocardiaceae,g__Saccharopolyspora,flava,s__Saccharopolyspora flava,GCA_900116135.1,GCF_900116135.1,19.0,24.0,453928.0,1461917.0,22.0,505605.0,1461917.0,6291299.0,70.77562954321725,0.0,99.47,1.76,0.0,4.0,1.0,1.0,5631.0,88.7400201452832,GCA_900116135.1,DSM 44771,Scaffold,IMG-taxon 2599185150 annotated assembly,na,PRJNA224116,SAMN05660874,,2016-11-05,,full,,,,0.0,,representative genome,2016/11/05,2.0,95161.0,,DOE - JOINT GENOME INSTITUTE,95161.0,190.0,,,0.0,latest,FOZX00000000.1,type strain of species,LPSN,type strain of species,type strain of species,2001.0,False,d__Bacteria;p__Actinobacteria;c__Actinomycetia;o__Pseudonocardiales;f__Pseudonocardiaceae;g__Saccharopolyspora;s__Saccharopolyspora flava,d__Bacteria;x__Terrabacteria group;p__Actinobacteria;c__Actinomycetia;o__Pseudonocardiales;f__Pseudonocardiaceae;g__Saccharopolyspora;s__Saccharopolyspora flava,True,RS_GCF_900116135.1,assembly from type material,d__Bacteria,p__Actinomycetota,c__Actinomycetia,o__Mycobacteriales,f__Pseudonocardiaceae,g__Saccharopolyspora,s__Saccharopolyspora flava,type strain of species,5S/16S/23S,GCA_900116135.1,1.0,https://lpsn.dsmz.de/species/saccharopolyspora-flava,"<a target=""_blank"" href=""https://www.ncbi.nlm.nih.gov/data-hub/taxonomy/2/"">d__Bacteria</a>; <a target=""_blank"" href=""https://www.ncbi.nlm.nih.gov/data-hub/taxonomy/201174/"">p__Actinobacteria</a>; <a target=""_blank"" href=""https://www.ncbi.nlm.nih.gov/data-hub/taxonomy/1760/"">c__Actinomycetia</a>; <a target=""_blank"" href=""https://www.ncbi.nlm.nih.gov/data-hub/taxonomy/85010/"">o__Pseudonocardiales</a>; <a target=""_blank"" href=""https://www.ncbi.nlm.nih.gov/data-hub/taxonomy/2070/"">f__Pseudonocardiaceae</a>; <a target=""_blank"" href=""https://www.ncbi.nlm.nih.gov/data-hub/taxonomy/1835/"">g__Saccharopolyspora</a>; <a target=""_blank"" href=""https://www.ncbi.nlm.nih.gov/data-hub/taxonomy/95161/"">s__Saccharopolyspora flava</a>","<a target=""_blank"" href=""https://www.ncbi.nlm.nih.gov/data-hub/taxonomy/2/"">d__Bacteria</a>; <a target=""_blank"" href=""https://www.ncbi.nlm.nih.gov/data-hub/taxonomy/1783272/"">x__Terrabacteria group</a>; <a target=""_blank"" href=""https://www.ncbi.nlm.nih.gov/data-hub/taxonomy/201174/"">p__Actinobacteria</a>; <a target=""_blank"" href=""https://www.ncbi.nlm.nih.gov/data-hub/taxonomy/1760/"">c__Actinomycetia</a>; <a target=""_blank"" href=""https://www.ncbi.nlm.nih.gov/data-hub/taxonomy/85010/"">o__Pseudonocardiales</a>; <a target=""_blank"" href=""https://www.ncbi.nlm.nih.gov/data-hub/taxonomy/2070/"">f__Pseudonocardiaceae</a>; <a target=""_blank"" href=""https://www.ncbi.nlm.nih.gov/data-hub/taxonomy/1835/"">g__Saccharopolyspora</a>; <a target=""_blank"" href=""https://www.ncbi.nlm.nih.gov/data-hub/taxonomy/95161/"">s__Saccharopolyspora flava</a>","{'taxon': 'd__Bacteria', 'taxonId': '2'}","{'taxon': 'p__Actinobacteria', 'taxonId': '201174'}","{'taxon': 'c__Actinomycetia', 'taxonId': '1760'}","{'taxon': 'o__Pseudonocardiales', 'taxonId': '85010'}","{'taxon': 'f__Pseudonocardiaceae', 'taxonId': '2070'}","{'taxon': 'g__Saccharopolyspora', 'taxonId': '1835'}","{'taxon': 's__Saccharopolyspora flava', 'taxonId': '95161'}","[{'taxon': 'd__Bacteria', 'taxonId': '2'}, {'taxon': 'x__Terrabacteria group', 'taxonId': '1783272'}, {'taxon': 'p__Actinobacteria', 'taxonId': '201174'}, {'taxon': 'c__Actinomycetia', 'taxonId': '1760'}, {'taxon': 'o__Pseudonocardiales', 'taxonId': '85010'}, {'taxon': 'f__Pseudonocardiaceae', 'taxonId': '2070'}, {'taxon': 'g__Saccharopolyspora', 'taxonId': '1835'}, {'taxon': 's__Saccharopolyspora flava', 'taxonId': '95161'}]",Genome found,Scaffold,MQ
GCF_014203325.1,GCF_014203325.1,6825909,6825909,6825909,6825909.0,0.7110368743562213,6825909,6825909,1,6825909,6825909,6825909.0,R207,d__Bacteria,p__Actinobacteriota,c__Actinomycetia,o__Mycobacteriales,f__Pseudonocardiaceae,g__Saccharopolyspora_C,gloriosae,s__Saccharopolyspora_C gloriosae,GCA_014203325.1,GCF_014203325.1,19.0,1.0,6825909.0,6825909.0,1.0,6825909.0,6825909.0,6825909.0,71.10368743562213,0.0,99.47,1.54,0.0,4.0,4.0,4.0,5929.0,86.12406054636826,GCA_014203325.1,DSM 45582,Contig,ASM1420332v1,na,PRJNA224116,SAMN05878036,,2020-08-14,,full,,,,0.0,,representative genome,2020/08/14,0.0,455344.0,,DOE Joint Genome Institute,455344.0,0.0,,,0.0,latest,JACHIV000000000.1,type strain of species,LPSN,type strain of species,type strain of species,2010.0,False,d__Bacteria;p__Actinobacteria;c__Actinomycetia;o__Pseudonocardiales;f__Pseudonocardiaceae;g__Saccharopolyspora;s__Saccharopolyspora gloriosae,d__Bacteria;x__Terrabacteria group;p__Actinobacteria;c__Actinomycetia;o__Pseudonocardiales;f__Pseudonocardiaceae;g__Saccharopolyspora;s__Saccharopolyspora gloriosae,True,RS_GCF_014203325.1,assembly from type material,d__Bacteria,p__Actinomycetota,c__Actinomycetia,o__Mycobacteriales,f__Pseudonocardiaceae,g__Saccharopolyspora_C,s__Saccharopolyspora_C gloriosae,type strain of species,5S/16S/23S,GCA_014203325.1,1.0,,"<a target=""_blank"" href=""https://www.ncbi.nlm.nih.gov/data-hub/taxonomy/2/"">d__Bacteria</a>; <a target=""_blank"" href=""https://www.ncbi.nlm.nih.gov/data-hub/taxonomy/201174/"">p__Actinobacteria</a>; <a target=""_blank"" href=""https://www.ncbi.nlm.nih.gov/data-hub/taxonomy/1760/"">c__Actinomycetia</a>; <a target=""_blank"" href=""https://www.ncbi.nlm.nih.gov/data-hub/taxonomy/85010/"">o__Pseudonocardiales</a>; <a target=""_blank"" href=""https://www.ncbi.nlm.nih.gov/data-hub/taxonomy/2070/"">f__Pseudonocardiaceae</a>; <a target=""_blank"" href=""https://www.ncbi.nlm.nih.gov/data-hub/taxonomy/1835/"">g__Saccharopolyspora</a>; <a target=""_blank"" href=""https://www.ncbi.nlm.nih.gov/data-hub/taxonomy/455344/"">s__Saccharopolyspora gloriosae</a>","<a target=""_blank"" href=""https://www.ncbi.nlm.nih.gov/data-hub/taxonomy/2/"">d__Bacteria</a>; <a target=""_blank"" href=""https://www.ncbi.nlm.nih.gov/data-hub/taxonomy/1783272/"">x__Terrabacteria group</a>; <a target=""_blank"" href=""https://www.ncbi.nlm.nih.gov/data-hub/taxonomy/201174/"">p__Actinobacteria</a>; <a target=""_blank"" href=""https://www.ncbi.nlm.nih.gov/data-hub/taxonomy/1760/"">c__Actinomycetia</a>; <a target=""_blank"" href=""https://www.ncbi.nlm.nih.gov/data-hub/taxonomy/85010/"">o__Pseudonocardiales</a>; <a target=""_blank"" href=""https://www.ncbi.nlm.nih.gov/data-hub/taxonomy/2070/"">f__Pseudonocardiaceae</a>; <a target=""_blank"" href=""https://www.ncbi.nlm.nih.gov/data-hub/taxonomy/1835/"">g__Saccharopolyspora</a>; <a target=""_blank"" href=""https://www.ncbi.nlm.nih.gov/data-hub/taxonomy/455344/"">s__Saccharopolyspora gloriosae</a>","{'taxon': 'd__Bacteria', 'taxonId': '2'}","{'taxon': 'p__Actinobacteria', 'taxonId': '201174'}","{'taxon': 'c__Actinomycetia', 'taxonId': '1760'}","{'taxon': 'o__Pseudonocardiales', 'taxonId': '85010'}","{'taxon': 'f__Pseudonocardiaceae', 'taxonId': '2070'}","{'taxon': 'g__Saccharopolyspora', 'taxonId': '1835'}","{'taxon': 's__Saccharopolyspora gloriosae', 'taxonId': '455344'}","[{'taxon': 'd__Bacteria', 'taxonId': '2'}, {'taxon': 'x__Terrabacteria group', 'taxonId': '1783272'}, {'taxon': 'p__Actinobacteria', 'taxonId': '201174'}, {'taxon': 'c__Actinomycetia', 'taxonId': '1760'}, {'taxon': 'o__Pseudonocardiales', 'taxonId': '85010'}, {'taxon': 'f__Pseudonocardiaceae', 'taxonId': '2070'}, {'taxon': 'g__Saccharopolyspora', 'taxonId': '1835'}, {'taxon': 's__Saccharopolyspora gloriosae', 'taxonId': '455344'}]",Genome found,Contig,HQ
GCF_022828475.1,GCF_022828475.1,6878695,6878695,6878695,6878695.0,0.6947996676695216,6878695,6878695,1,6878695,6878695,6878695.0,unknown,d__Bacteria,p__Actinobacteriota,c__Actinomycetia,o__Mycobacteriales,f__Pseudonocardiaceae,g__Saccharopolyspora_C,s__,s__,,,,,,,,,,,,,,,,,,,,,,,,,,,,,,,,,,,,,,,,,,,,,,,,,,,,,,,,,,,,,,,,,,,,,,,,,,,,,,,,,,,,Complete Genome,HQ
GCF_024734405.1,GCF_024734405.1,6344421,6344421,6344421,6344421.0,0.7266721423436433,6344421,6344421,1,6344421,6344421,6344421.0,unknown,d__Bacteria,p__Actinobacteriota,c__Actinomycetia,o__Mycobacteriales,f__Pseudonocardiaceae,g__Saccharopolyspora_C,s__,s__,,,,,,,,,,,,,,,,,,,,,,,,,,,,,,,,,,,,,,,,,,,,,,,,,,,,,,,,,,,,,,,,,,,,,,,,,,,,,,,,,,,,Complete Genome,HQ
GCF_008630535.1,GCF_008630535.1,509,570786,504440,427311.5363761744,0.7140299510212214,688257,256700,46,7549392,180403,164117.2173913044,R207,d__Bacteria,p__Actinobacteriota,c__Actinomycetia,o__Mycobacteriales,f__Pseudonocardiaceae,g__Saccharopolyspora,hirsuta,s__Saccharopolyspora hirsuta,GCA_008630535.1,GCF_008630535.1,19.0,46.0,504440.0,688257.0,46.0,504440.0,688257.0,7549392.0,71.40299510212213,0.0,99.44,2.62,0.0,4.0,2.0,4.0,6830.0,88.11830144732185,GCA_008630535.1,VKM Ac-666,Contig,ASM863053v1,na,PRJNA224116,SAMN12725943,,2019-09-20,,full,,,,0.0,,representative genome,2019/09/20,0.0,1837.0,,PSCBR RAS G.K. Skryabin Institute of Biochemistry and Physiology of Microorganisms RAS,1837.0,0.0,,,0.0,latest,VWPH00000000.1,type strain of species,LPSN,type strain of species,type strain of species,1975.0,True,d__Bacteria;p__Actinobacteria;c__Actinomycetia;o__Pseudonocardiales;f__Pseudonocardiaceae;g__Saccharopolyspora;s__Saccharopolyspora hirsuta,d__Bacteria;x__Terrabacteria group;p__Actinobacteria;c__Actinomycetia;o__Pseudonocardiales;f__Pseudonocardiaceae;g__Saccharopolyspora;s__Saccharopolyspora hirsuta,True,RS_GCF_008630535.1,assembly from type material,d__Bacteria,p__Actinomycetota,c__Actinomycetia,o__Mycobacteriales,f__Pseudonocardiaceae,g__Saccharopolyspora,s__Saccharopolyspora hirsuta,type strain of species,5S/16S/23S,GCA_008630535.1,1.0,https://lpsn.dsmz.de/species/saccharopolyspora-hirsuta,"<a target=""_blank"" href=""https://www.ncbi.nlm.nih.gov/data-hub/taxonomy/2/"">d__Bacteria</a>; <a target=""_blank"" href=""https://www.ncbi.nlm.nih.gov/data-hub/taxonomy/201174/"">p__Actinobacteria</a>; <a target=""_blank"" href=""https://www.ncbi.nlm.nih.gov/data-hub/taxonomy/1760/"">c__Actinomycetia</a>; <a target=""_blank"" href=""https://www.ncbi.nlm.nih.gov/data-hub/taxonomy/85010/"">o__Pseudonocardiales</a>; <a target=""_blank"" href=""https://www.ncbi.nlm.nih.gov/data-hub/taxonomy/2070/"">f__Pseudonocardiaceae</a>; <a target=""_blank"" href=""https://www.ncbi.nlm.nih.gov/data-hub/taxonomy/1835/"">g__Saccharopolyspora</a>; <a target=""_blank"" href=""https://www.ncbi.nlm.nih.gov/data-hub/taxonomy/1837/"">s__Saccharopolyspora hirsuta</a>","<a target=""_blank"" href=""https://www.ncbi.nlm.nih.gov/data-hub/taxonomy/2/"">d__Bacteria</a>; <a target=""_blank"" href=""https://www.ncbi.nlm.nih.gov/data-hub/taxonomy/1783272/"">x__Terrabacteria group</a>; <a target=""_blank"" href=""https://www.ncbi.nlm.nih.gov/data-hub/taxonomy/201174/"">p__Actinobacteria</a>; <a target=""_blank"" href=""https://www.ncbi.nlm.nih.gov/data-hub/taxonomy/1760/"">c__Actinomycetia</a>; <a target=""_blank"" href=""https://www.ncbi.nlm.nih.gov/data-hub/taxonomy/85010/"">o__Pseudonocardiales</a>; <a target=""_blank"" href=""https://www.ncbi.nlm.nih.gov/data-hub/taxonomy/2070/"">f__Pseudonocardiaceae</a>; <a target=""_blank"" href=""https://www.ncbi.nlm.nih.gov/data-hub/taxonomy/1835/"">g__Saccharopolyspora</a>; <a target=""_blank"" href=""https://www.ncbi.nlm.nih.gov/data-hub/taxonomy/1837/"">s__Saccharopolyspora hirsuta</a>","{'taxon': 'd__Bacteria', 'taxonId': '2'}","{'taxon': 'p__Actinobacteria', 'taxonId': '201174'}","{'taxon': 'c__Actinomycetia', 'taxonId': '1760'}","{'taxon': 'o__Pseudonocardiales', 'taxonId': '85010'}","{'taxon': 'f__Pseudonocardiaceae', 'taxonId': '2070'}","{'taxon': 'g__Saccharopolyspora', 'taxonId': '1835'}","{'taxon': 's__Saccharopolyspora hirsuta', 'taxonId': '1837'}","[{'taxon': 'd__Bacteria', 'taxonId': '2'}, {'taxon': 'x__Terrabacteria group', 'taxonId': '1783272'}, {'taxon': 'p__Actinobacteria', 'taxonId': '201174'}, {'taxon': 'c__Actinomycetia', 'taxonId': '1760'}, {'taxon': 'o__Pseudonocardiales', 'taxonId': '85010'}, {'taxon': 'f__Pseudonocardiaceae', 'taxonId': '2070'}, {'taxon': 'g__Saccharopolyspora', 'taxonId': '1835'}, {'taxon': 's__Saccharopolyspora hirsuta', 'taxonId': '1837'}]",Genome found,Contig,MQ
GCF_013410345.1,GCF_013410345.1,5783988,5783988,5783988,5783988.0,0.7247914414760197,5783988,5783988,1,5783988,5783988,5783988.0,R207,d__Bacteria,p__Actinobacteriota,c__Actinomycetia,o__Mycobacteriales,f__Pseudonocardiaceae,g__Saccharopolyspora,hordei,s__Saccharopolyspora hordei,GCA_013410345.1,GCF_013410345.1,19.0,1.0,5783988.0,5783988.0,1.0,5783988.0,5783988.0,5783988.0,72.47914414760197,0.0,99.65,1.84,0.0,5.0,5.0,5.0,5267.0,87.91285528254899,GCA_013410345.1,DSM 44065,Contig,ASM1341034v1,na,PRJNA224116,SAMN14908465,,2020-07-13,,full,,,,0.0,,representative genome,2020/07/13,0.0,1838.0,,DOE Joint Genome Institute,1838.0,0.0,,,0.0,latest,JACCFJ000000000.1,type strain of species,LPSN,type strain of species,type strain of species,1989.0,False,d__Bacteria;p__Actinobacteria;c__Actinomycetia;o__Pseudonocardiales;f__Pseudonocardiaceae;g__Saccharopolyspora;s__Saccharopolyspora hordei,d__Bacteria;x__Terrabacteria group;p__Actinobacteria;c__Actinomycetia;o__Pseudonocardiales;f__Pseudonocardiaceae;g__Saccharopolyspora;s__Saccharopolyspora hordei,True,RS_GCF_013410345.1,assembly from type material,d__Bacteria,p__Actinomycetota,c__Actinomycetia,o__Mycobacteriales,f__Pseudonocardiaceae,g__Saccharopolyspora,s__Saccharopolyspora hordei,type strain of species,5S/16S/23S,GCA_013410345.1,1.0,https://lpsn.dsmz.de/species/saccharopolyspora-hordei,"<a target=""_blank"" href=""https://www.ncbi.nlm.nih.gov/data-hub/taxonomy/2/"">d__Bacteria</a>; <a target=""_blank"" href=""https://www.ncbi.nlm.nih.gov/data-hub/taxonomy/201174/"">p__Actinobacteria</a>; <a target=""_blank"" href=""https://www.ncbi.nlm.nih.gov/data-hub/taxonomy/1760/"">c__Actinomycetia</a>; <a target=""_blank"" href=""https://www.ncbi.nlm.nih.gov/data-hub/taxonomy/85010/"">o__Pseudonocardiales</a>; <a target=""_blank"" href=""https://www.ncbi.nlm.nih.gov/data-hub/taxonomy/2070/"">f__Pseudonocardiaceae</a>; <a target=""_blank"" href=""https://www.ncbi.nlm.nih.gov/data-hub/taxonomy/1835/"">g__Saccharopolyspora</a>; <a target=""_blank"" href=""https://www.ncbi.nlm.nih.gov/data-hub/taxonomy/1838/"">s__Saccharopolyspora hordei</a>","<a target=""_blank"" href=""https://www.ncbi.nlm.nih.gov/data-hub/taxonomy/2/"">d__Bacteria</a>; <a target=""_blank"" href=""https://www.ncbi.nlm.nih.gov/data-hub/taxonomy/1783272/"">x__Terrabacteria group</a>; <a target=""_blank"" href=""https://www.ncbi.nlm.nih.gov/data-hub/taxonomy/201174/"">p__Actinobacteria</a>; <a target=""_blank"" href=""https://www.ncbi.nlm.nih.gov/data-hub/taxonomy/1760/"">c__Actinomycetia</a>; <a target=""_blank"" href=""https://www.ncbi.nlm.nih.gov/data-hub/taxonomy/85010/"">o__Pseudonocardiales</a>; <a target=""_blank"" href=""https://www.ncbi.nlm.nih.gov/data-hub/taxonomy/2070/"">f__Pseudonocardiaceae</a>; <a target=""_blank"" href=""https://www.ncbi.nlm.nih.gov/data-hub/taxonomy/1835/"">g__Saccharopolyspora</a>; <a target=""_blank"" href=""https://www.ncbi.nlm.nih.gov/data-hub/taxonomy/1838/"">s__Saccharopolyspora hordei</a>","{'taxon': 'd__Bacteria', 'taxonId': '2'}","{'taxon': 'p__Actinobacteria', 'taxonId': '201174'}","{'taxon': 'c__Actinomycetia', 'taxonId': '1760'}","{'taxon': 'o__Pseudonocardiales', 'taxonId': '85010'}","{'taxon': 'f__Pseudonocardiaceae', 'taxonId': '2070'}","{'taxon': 'g__Saccharopolyspora', 'taxonId': '1835'}","{'taxon': 's__Saccharopolyspora hordei', 'taxonId': '1838'}","[{'taxon': 'd__Bacteria', 'taxonId': '2'}, {'taxon': 'x__Terrabacteria group', 'taxonId': '1783272'}, {'taxon': 'p__Actinobacteria', 'taxonId': '201174'}, {'taxon': 'c__Actinomycetia', 'taxonId': '1760'}, {'taxon': 'o__Pseudonocardiales', 'taxonId': '85010'}, {'taxon': 'f__Pseudonocardiaceae', 'taxonId': '2070'}, {'taxon': 'g__Saccharopolyspora', 'taxonId': '1835'}, {'taxon': 's__Saccharopolyspora hordei', 'taxonId': '1838'}]",Genome found,Contig,HQ
GCF_900112555.1,GCF_900112555.1,1234,1963067,406024,749567.9876410058,0.7089995844725187,1963067,235081,28,7777251,130602,277758.9642857143,R207,d__Bacteria,p__Actinobacteriota,c__Actinomycetia,o__Mycobacteriales,f__Pseudonocardiaceae,g__Saccharopolyspora,jiangxiensis,s__Saccharopolyspora jiangxiensis,GCA_900112555.1,GCF_900112555.1,19.0,31.0,406024.0,1200418.0,28.0,406024.0,1963067.0,7777251.0,70.89995844725186,0.0,99.53,2.72,0.0,4.0,1.0,2.0,7257.0,88.10862604280098,GCA_900112555.1,CGMCC 4.3529,Scaffold,IMG-taxon 2667527438 annotated assembly,na,PRJNA224116,SAMN05216506,,2016-11-05,,full,,,,0.0,,representative genome,2016/11/05,3.0,146035.0,,DOE - JOINT GENOME INSTITUTE,146035.0,1592.0,,,0.0,latest,FOME00000000.1,type strain of heterotypic synonym,LPSN,type strain of heterotypic synonym,type strain of species,2009.0,False,d__Bacteria;p__Actinobacteria;c__Actinomycetia;o__Pseudonocardiales;f__Pseudonocardiaceae;g__Saccharopolyspora;s__Saccharopolyspora kobensis,d__Bacteria;x__Terrabacteria group;p__Actinobacteria;c__Actinomycetia;o__Pseudonocardiales;f__Pseudonocardiaceae;g__Saccharopolyspora;s__Saccharopolyspora kobensis,False,RS_GCF_900108315.1,assembly from synonym type material,d__Bacteria,p__Actinomycetota,c__Actinomycetia,o__Mycobacteriales,f__Pseudonocardiaceae,g__Saccharopolyspora,s__Saccharopolyspora kobensis,type strain of heterotypic synonym,5S/16S/23S,GCA_900108315.1,2.0,https://lpsn.dsmz.de/species/saccharopolyspora-kobensis,"<a target=""_blank"" href=""https://www.ncbi.nlm.nih.gov/data-hub/taxonomy/2/"">d__Bacteria</a>; <a target=""_blank"" href=""https://www.ncbi.nlm.nih.gov/data-hub/taxonomy/201174/"">p__Actinobacteria</a>; <a target=""_blank"" href=""https://www.ncbi.nlm.nih.gov/data-hub/taxonomy/1760/"">c__Actinomycetia</a>; <a target=""_blank"" href=""https://www.ncbi.nlm.nih.gov/data-hub/taxonomy/85010/"">o__Pseudonocardiales</a>; <a target=""_blank"" href=""https://www.ncbi.nlm.nih.gov/data-hub/taxonomy/2070/"">f__Pseudonocardiaceae</a>; <a target=""_blank"" href=""https://www.ncbi.nlm.nih.gov/data-hub/taxonomy/1835/"">g__Saccharopolyspora</a>; <a target=""_blank"" href=""https://www.ncbi.nlm.nih.gov/data-hub/taxonomy/146035/"">s__Saccharopolyspora kobensis</a>","<a target=""_blank"" href=""https://www.ncbi.nlm.nih.gov/data-hub/taxonomy/2/"">d__Bacteria</a>; <a target=""_blank"" href=""https://www.ncbi.nlm.nih.gov/data-hub/taxonomy/1783272/"">x__Terrabacteria group</a>; <a target=""_blank"" href=""https://www.ncbi.nlm.nih.gov/data-hub/taxonomy/201174/"">p__Actinobacteria</a>; <a target=""_blank"" href=""https://www.ncbi.nlm.nih.gov/data-hub/taxonomy/1760/"">c__Actinomycetia</a>; <a target=""_blank"" href=""https://www.ncbi.nlm.nih.gov/data-hub/taxonomy/85010/"">o__Pseudonocardiales</a>; <a target=""_blank"" href=""https://www.ncbi.nlm.nih.gov/data-hub/taxonomy/2070/"">f__Pseudonocardiaceae</a>; <a target=""_blank"" href=""https://www.ncbi.nlm.nih.gov/data-hub/taxonomy/1835/"">g__Saccharopolyspora</a>; <a target=""_blank"" href=""https://www.ncbi.nlm.nih.gov/data-hub/taxonomy/146035/"">s__Saccharopolyspora kobensis</a>","{'taxon': 'd__Bacteria', 'taxonId': '2'}","{'taxon': 'p__Actinobacteria', 'taxonId': '201174'}","{'taxon': 'c__Actinomycetia', 'taxonId': '1760'}","{'taxon': 'o__Pseudonocardiales', 'taxonId': '85010'}","{'taxon': 'f__Pseudonocardiaceae', 'taxonId': '2070'}","{'taxon': 'g__Saccharopolyspora', 'taxonId': '1835'}","{'taxon': 's__Saccharopolyspora kobensis', 'taxonId': '146035'}","[{'taxon': 'd__Bacteria', 'taxonId': '2'}, {'taxon': 'x__Terrabacteria group', 'taxonId': '1783272'}, {'taxon': 'p__Actinobacteria', 'taxonId': '201174'}, {'taxon': 'c__Actinomycetia', 'taxonId': '1760'}, {'taxon': 'o__Pseudonocardiales', 'taxonId': '85010'}, {'taxon': 'f__Pseudonocardiaceae', 'taxonId': '2070'}, {'taxon': 'g__Saccharopolyspora', 'taxonId': '1835'}, {'taxon': 's__Saccharopolyspora kobensis', 'taxonId': '146035'}]",Genome found,Scaffold,MQ
GCF_900108315.1,GCF_900108315.1,1135,946972,729242,901391.3897468094,0.7089549423325838,1906593,439427,27,7744048,129812,286816.5925925926,R207,d__Bacteria,p__Actinobacteriota,c__Actinomycetia,o__Mycobacteriales,f__Pseudonocardiaceae,g__Saccharopolyspora,jiangxiensis,s__Saccharopolyspora jiangxiensis,GCA_900108315.1,GCF_900108315.1,19.0,33.0,469672.0,1077102.0,27.0,729242.0,1906593.0,7744048.0,70.89549423325838,0.0,99.65,2.72,0.0,5.0,1.0,2.0,7185.0,88.04439228682467,GCA_900108315.1,ATCC 20501,Scaffold,IMG-taxon 2597490365 annotated assembly,na,PRJNA224116,SAMN02982929,,2016-10-24,,full,,,,0.0,,na,2016/10/24,6.0,146035.0,,DOE - JOINT GENOME INSTITUTE,146035.0,4322.0,,,0.0,latest,FNVB00000000.1,type strain of species,LPSN,type strain of species,not type material,1989.0,False,d__Bacteria;p__Actinobacteria;c__Actinomycetia;o__Pseudonocardiales;f__Pseudonocardiaceae;g__Saccharopolyspora;s__Saccharopolyspora kobensis,d__Bacteria;x__Terrabacteria group;p__Actinobacteria;c__Actinomycetia;o__Pseudonocardiales;f__Pseudonocardiaceae;g__Saccharopolyspora;s__Saccharopolyspora kobensis,True,RS_GCF_900108315.1,assembly from type material,d__Bacteria,p__Actinomycetota,c__Actinomycetia,o__Mycobacteriales,f__Pseudonocardiaceae,g__Saccharopolyspora,s__Saccharopolyspora kobensis,type strain of species,5S/16S/23S,GCA_900108315.1,2.0,https://lpsn.dsmz.de/species/saccharopolyspora-kobensis,"<a target=""_blank"" href=""https://www.ncbi.nlm.nih.gov/data-hub/taxonomy/2/"">d__Bacteria</a>; <a target=""_blank"" href=""https://www.ncbi.nlm.nih.gov/data-hub/taxonomy/201174/"">p__Actinobacteria</a>; <a target=""_blank"" href=""https://www.ncbi.nlm.nih.gov/data-hub/taxonomy/1760/"">c__Actinomycetia</a>; <a target=""_blank"" href=""https://www.ncbi.nlm.nih.gov/data-hub/taxonomy/85010/"">o__Pseudonocardiales</a>; <a target=""_blank"" href=""https://www.ncbi.nlm.nih.gov/data-hub/taxonomy/2070/"">f__Pseudonocardiaceae</a>; <a target=""_blank"" href=""https://www.ncbi.nlm.nih.gov/data-hub/taxonomy/1835/"">g__Saccharopolyspora</a>; <a target=""_blank"" href=""https://www.ncbi.nlm.nih.gov/data-hub/taxonomy/146035/"">s__Saccharopolyspora kobensis</a>","<a target=""_blank"" href=""https://www.ncbi.nlm.nih.gov/data-hub/taxonomy/2/"">d__Bacteria</a>; <a target=""_blank"" href=""https://www.ncbi.nlm.nih.gov/data-hub/taxonomy/1783272/"">x__Terrabacteria group</a>; <a target=""_blank"" href=""https://www.ncbi.nlm.nih.gov/data-hub/taxonomy/201174/"">p__Actinobacteria</a>; <a target=""_blank"" href=""https://www.ncbi.nlm.nih.gov/data-hub/taxonomy/1760/"">c__Actinomycetia</a>; <a target=""_blank"" href=""https://www.ncbi.nlm.nih.gov/data-hub/taxonomy/85010/"">o__Pseudonocardiales</a>; <a target=""_blank"" href=""https://www.ncbi.nlm.nih.gov/data-hub/taxonomy/2070/"">f__Pseudonocardiaceae</a>; <a target=""_blank"" href=""https://www.ncbi.nlm.nih.gov/data-hub/taxonomy/1835/"">g__Saccharopolyspora</a>; <a target=""_blank"" href=""https://www.ncbi.nlm.nih.gov/data-hub/taxonomy/146035/"">s__Saccharopolyspora kobensis</a>","{'taxon': 'd__Bacteria', 'taxonId': '2'}","{'taxon': 'p__Actinobacteria', 'taxonId': '201174'}","{'taxon': 'c__Actinomycetia', 'taxonId': '1760'}","{'taxon': 'o__Pseudonocardiales', 'taxonId': '85010'}","{'taxon': 'f__Pseudonocardiaceae', 'taxonId': '2070'}","{'taxon': 'g__Saccharopolyspora', 'taxonId': '1835'}","{'taxon': 's__Saccharopolyspora kobensis', 'taxonId': '146035'}","[{'taxon': 'd__Bacteria', 'taxonId': '2'}, {'taxon': 'x__Terrabacteria group', 'taxonId': '1783272'}, {'taxon': 'p__Actinobacteria', 'taxonId': '201174'}, {'taxon': 'c__Actinomycetia', 'taxonId': '1760'}, {'taxon': 'o__Pseudonocardiales', 'taxonId': '85010'}, {'taxon': 'f__Pseudonocardiaceae', 'taxonId': '2070'}, {'taxon': 'g__Saccharopolyspora', 'taxonId': '1835'}, {'taxon': 's__Saccharopolyspora kobensis', 'taxonId': '146035'}]",Genome found,Scaffold,MQ
GCF_014203395.1,GCF_014203395.1,23145,5889697,5889697,4605386.068030324,0.6772580746183299,5889697,2131380,6,8541735,2131380,1423622.5,R207,d__Bacteria,p__Actinobacteriota,c__Actinomycetia,o__Mycobacteriales,f__Pseudonocardiaceae,g__Saccharopolyspora,phatthalungensis,s__Saccharopolyspora phatthalungensis,GCA_014203395.1,GCF_014203395.1,19.0,6.0,5889697.0,5889697.0,6.0,5889697.0,5889697.0,8541735.0,67.72580746183299,0.0,99.29,4.08,0.0,4.0,4.0,4.0,7445.0,86.55130368713148,GCA_014203395.1,DSM 45584,Contig,ASM1420339v1,na,PRJNA224116,SAMN05878392,,2020-08-14,,full,,,,0.0,,representative genome,2020/08/14,0.0,664693.0,,DOE Joint Genome Institute,664693.0,0.0,,,0.0,latest,JACHIW000000000.1,type strain of species,LPSN,type strain of species,type strain of species,2010.0,False,d__Bacteria;p__Actinobacteria;c__Actinomycetia;o__Pseudonocardiales;f__Pseudonocardiaceae;g__Saccharopolyspora;s__Saccharopolyspora phatthalungensis,d__Bacteria;x__Terrabacteria group;p__Actinobacteria;c__Actinomycetia;o__Pseudonocardiales;f__Pseudonocardiaceae;g__Saccharopolyspora;s__Saccharopolyspora phatthalungensis,True,RS_GCF_014203395.1,assembly from type material,d__Bacteria,p__Actinomycetota,c__Actinomycetia,o__Mycobacteriales,f__Pseudonocardiaceae,g__Saccharopolyspora,s__Saccharopolyspora phatthalungensis,type strain of species,5S/16S/23S,GCA_014203395.1,2.0,https://lpsn.dsmz.de/species/saccharopolyspora-phatthalungensis,"<a target=""_blank"" href=""https://www.ncbi.nlm.nih.gov/data-hub/taxonomy/2/"">d__Bacteria</a>; <a target=""_blank"" href=""https://www.ncbi.nlm.nih.gov/data-hub/taxonomy/201174/"">p__Actinobacteria</a>; <a target=""_blank"" href=""https://www.ncbi.nlm.nih.gov/data-hub/taxonomy/1760/"">c__Actinomycetia</a>; <a target=""_blank"" href=""https://www.ncbi.nlm.nih.gov/data-hub/taxonomy/85010/"">o__Pseudonocardiales</a>; <a target=""_blank"" href=""https://www.ncbi.nlm.nih.gov/data-hub/taxonomy/2070/"">f__Pseudonocardiaceae</a>; <a target=""_blank"" href=""https://www.ncbi.nlm.nih.gov/data-hub/taxonomy/1835/"">g__Saccharopolyspora</a>; <a target=""_blank"" href=""https://www.ncbi.nlm.nih.gov/data-hub/taxonomy/664693/"">s__Saccharopolyspora phatthalungensis</a>","<a target=""_blank"" href=""https://www.ncbi.nlm.nih.gov/data-hub/taxonomy/2/"">d__Bacteria</a>; <a target=""_blank"" href=""https://www.ncbi.nlm.nih.gov/data-hub/taxonomy/1783272/"">x__Terrabacteria group</a>; <a target=""_blank"" href=""https://www.ncbi.nlm.nih.gov/data-hub/taxonomy/201174/"">p__Actinobacteria</a>; <a target=""_blank"" href=""https://www.ncbi.nlm.nih.gov/data-hub/taxonomy/1760/"">c__Actinomycetia</a>; <a target=""_blank"" href=""https://www.ncbi.nlm.nih.gov/data-hub/taxonomy/85010/"">o__Pseudonocardiales</a>; <a target=""_blank"" href=""https://www.ncbi.nlm.nih.gov/data-hub/taxonomy/2070/"">f__Pseudonocardiaceae</a>; <a target=""_blank"" href=""https://www.ncbi.nlm.nih.gov/data-hub/taxonomy/1835/"">g__Saccharopolyspora</a>; <a target=""_blank"" href=""https://www.ncbi.nlm.nih.gov/data-hub/taxonomy/664693/"">s__Saccharopolyspora phatthalungensis</a>","{'taxon': 'd__Bacteria', 'taxonId': '2'}","{'taxon': 'p__Actinobacteria', 'taxonId': '201174'}","{'taxon': 'c__Actinomycetia', 'taxonId': '1760'}","{'taxon': 'o__Pseudonocardiales', 'taxonId': '85010'}","{'taxon': 'f__Pseudonocardiaceae', 'taxonId': '2070'}","{'taxon': 'g__Saccharopolyspora', 'taxonId': '1835'}","{'taxon': 's__Saccharopolyspora phatthalungensis', 'taxonId': '664693'}","[{'taxon': 'd__Bacteria', 'taxonId': '2'}, {'taxon': 'x__Terrabacteria group', 'taxonId': '1783272'}, {'taxon': 'p__Actinobacteria', 'taxonId': '201174'}, {'taxon': 'c__Actinomycetia', 'taxonId': '1760'}, {'taxon': 'o__Pseudonocardiales', 'taxonId': '85010'}, {'taxon': 'f__Pseudonocardiaceae', 'taxonId': '2070'}, {'taxon': 'g__Saccharopolyspora', 'taxonId': '1835'}, {'taxon': 's__Saccharopolyspora phatthalungensis', 'taxonId': '664693'}]",Genome found,Contig,HQ
GCF_014697215.1,GCF_014697215.1,85530,9436548,9436548,9269514.839606252,0.6792499724193344,9436548,9436548,3,9608180,9436548,3202726.666666667,R207,d__Bacteria,p__Actinobacteriota,c__Actinomycetia,o__Mycobacteriales,f__Pseudonocardiaceae,g__Saccharopolyspora,pogona,s__Saccharopolyspora pogona,GCA_014697215.1,GCF_014697215.1,19.0,3.0,9436548.0,9436548.0,3.0,9436548.0,9436548.0,9608180.0,67.92499724193344,0.0,99.88,5.94,3.33,5.0,5.0,5.0,9217.0,84.17722190883185,GCA_014697215.1,NRRL30141,Complete Genome,ASM1469721v1,na,PRJNA224116,SAMN09531813,,2020-09-22,,full,,,,3.0,,representative genome,2020/09/22,0.0,333966.0,,Hunan Normal University,333966.0,0.0,,,0.0,latest,,not type material,,not type material,,,False,d__Bacteria;p__Actinobacteria;c__Actinomycetia;o__Pseudonocardiales;f__Pseudonocardiaceae;g__Saccharopolyspora;s__Saccharopolyspora pogona,d__Bacteria;x__Terrabacteria group;p__Actinobacteria;c__Actinomycetia;o__Pseudonocardiales;f__Pseudonocardiaceae;g__Saccharopolyspora;s__Saccharopolyspora pogona,True,RS_GCF_014697215.1,,d__Bacteria,p__Actinomycetota,c__Actinomycetia,o__Mycobacteriales,f__Pseudonocardiaceae,g__Saccharopolyspora,s__Saccharopolyspora pogona,not type material,5S/16S/23S,GCA_014697215.1,2.0,,"<a target=""_blank"" href=""https://www.ncbi.nlm.nih.gov/data-hub/taxonomy/2/"">d__Bacteria</a>; <a target=""_blank"" href=""https://www.ncbi.nlm.nih.gov/data-hub/taxonomy/201174/"">p__Actinobacteria</a>; <a target=""_blank"" href=""https://www.ncbi.nlm.nih.gov/data-hub/taxonomy/1760/"">c__Actinomycetia</a>; <a target=""_blank"" href=""https://www.ncbi.nlm.nih.gov/data-hub/taxonomy/85010/"">o__Pseudonocardiales</a>; <a target=""_blank"" href=""https://www.ncbi.nlm.nih.gov/data-hub/taxonomy/2070/"">f__Pseudonocardiaceae</a>; <a target=""_blank"" href=""https://www.ncbi.nlm.nih.gov/data-hub/taxonomy/1835/"">g__Saccharopolyspora</a>; <a target=""_blank"" href=""https://www.ncbi.nlm.nih.gov/data-hub/taxonomy/333966/"">s__Saccharopolyspora pogona</a>","<a target=""_blank"" href=""https://www.ncbi.nlm.nih.gov/data-hub/taxonomy/2/"">d__Bacteria</a>; <a target=""_blank"" href=""https://www.ncbi.nlm.nih.gov/data-hub/taxonomy/1783272/"">x__Terrabacteria group</a>; <a target=""_blank"" href=""https://www.ncbi.nlm.nih.gov/data-hub/taxonomy/201174/"">p__Actinobacteria</a>; <a target=""_blank"" href=""https://www.ncbi.nlm.nih.gov/data-hub/taxonomy/1760/"">c__Actinomycetia</a>; <a target=""_blank"" href=""https://www.ncbi.nlm.nih.gov/data-hub/taxonomy/85010/"">o__Pseudonocardiales</a>; <a target=""_blank"" href=""https://www.ncbi.nlm.nih.gov/data-hub/taxonomy/2070/"">f__Pseudonocardiaceae</a>; <a target=""_blank"" href=""https://www.ncbi.nlm.nih.gov/data-hub/taxonomy/1835/"">g__Saccharopolyspora</a>; <a target=""_blank"" href=""https://www.ncbi.nlm.nih.gov/data-hub/taxonomy/333966/"">s__Saccharopolyspora pogona</a>","{'taxon': 'd__Bacteria', 'taxonId': '2'}","{'taxon': 'p__Actinobacteria', 'taxonId': '201174'}","{'taxon': 'c__Actinomycetia', 'taxonId': '1760'}","{'taxon': 'o__Pseudonocardiales', 'taxonId': '85010'}","{'taxon': 'f__Pseudonocardiaceae', 'taxonId': '2070'}","{'taxon': 'g__Saccharopolyspora', 'taxonId': '1835'}","{'taxon': 's__Saccharopolyspora pogona', 'taxonId': '333966'}","[{'taxon': 'd__Bacteria', 'taxonId': '2'}, {'taxon': 'x__Terrabacteria group', 'taxonId': '1783272'}, {'taxon': 'p__Actinobacteria', 'taxonId': '201174'}, {'taxon': 'c__Actinomycetia', 'taxonId': '1760'}, {'taxon': 'o__Pseudonocardiales', 'taxonId': '85010'}, {'taxon': 'f__Pseudonocardiaceae', 'taxonId': '2070'}, {'taxon': 'g__Saccharopolyspora', 'taxonId': '1835'}, {'taxon': 's__Saccharopolyspora pogona', 'taxonId': '333966'}]",Genome found,Complete Genome,HQ
GCF_003931915.1,GCF_003931915.1,209,519254,345543,406293.1617865756,0.7063295616186468,768785,262675,35,5824618,165974,166417.6571428571,R207,d__Bacteria,p__Actinobacteriota,c__Actinomycetia,o__Mycobacteriales,f__Pseudonocardiaceae,g__Saccharopolyspora,rhizosphaerae,s__Saccharopolyspora rhizosphaerae,GCA_003931915.1,GCF_003931915.1,19.0,36.0,345543.0,768785.0,35.0,345543.0,768785.0,5824618.0,70.63295616186468,0.0,100.0,1.49,0.0,1.0,1.0,1.0,5362.0,85.9602123263706,GCA_003931915.1,H219,Scaffold,ASM393191v1,na,PRJNA224116,SAMN10498557,,2018-12-09,,full,,,,0.0,,representative genome,2018/12/09,1.0,2492662.0,,Mahidol University,2492662.0,123.0,,,0.0,latest,RSAA00000000.1,type strain of species,LPSN,type strain of species,not type material,2019.0,False,d__Bacteria;p__Actinobacteria;c__Actinomycetia;o__Pseudonocardiales;f__Pseudonocardiaceae;g__Saccharopolyspora;s__Saccharopolyspora rhizosphaerae,d__Bacteria;x__Terrabacteria group;p__Actinobacteria;c__Actinomycetia;o__Pseudonocardiales;f__Pseudonocardiaceae;g__Saccharopolyspora;s__Saccharopolyspora rhizosphaerae,True,RS_GCF_003931915.1,assembly from type material,d__Bacteria,p__Actinomycetota,c__Actinomycetia,o__Mycobacteriales,f__Pseudonocardiaceae,g__Saccharopolyspora,s__Saccharopolyspora rhizosphaerae,type strain of species,5S/16S/23S,GCA_003931915.1,1.0,https://lpsn.dsmz.de/species/saccharopolyspora-rhizosphaerae,"<a target=""_blank"" href=""https://www.ncbi.nlm.nih.gov/data-hub/taxonomy/2/"">d__Bacteria</a>; <a target=""_blank"" href=""https://www.ncbi.nlm.nih.gov/data-hub/taxonomy/201174/"">p__Actinobacteria</a>; <a target=""_blank"" href=""https://www.ncbi.nlm.nih.gov/data-hub/taxonomy/1760/"">c__Actinomycetia</a>; <a target=""_blank"" href=""https://www.ncbi.nlm.nih.gov/data-hub/taxonomy/85010/"">o__Pseudonocardiales</a>; <a target=""_blank"" href=""https://www.ncbi.nlm.nih.gov/data-hub/taxonomy/2070/"">f__Pseudonocardiaceae</a>; <a target=""_blank"" href=""https://www.ncbi.nlm.nih.gov/data-hub/taxonomy/1835/"">g__Saccharopolyspora</a>; <a target=""_blank"" href=""https://www.ncbi.nlm.nih.gov/data-hub/taxonomy/2492662/"">s__Saccharopolyspora rhizosphaerae</a>","<a target=""_blank"" href=""https://www.ncbi.nlm.nih.gov/data-hub/taxonomy/2/"">d__Bacteria</a>; <a target=""_blank"" href=""https://www.ncbi.nlm.nih.gov/data-hub/taxonomy/1783272/"">x__Terrabacteria group</a>; <a target=""_blank"" href=""https://www.ncbi.nlm.nih.gov/data-hub/taxonomy/201174/"">p__Actinobacteria</a>; <a target=""_blank"" href=""https://www.ncbi.nlm.nih.gov/data-hub/taxonomy/1760/"">c__Actinomycetia</a>; <a target=""_blank"" href=""https://www.ncbi.nlm.nih.gov/data-hub/taxonomy/85010/"">o__Pseudonocardiales</a>; <a target=""_blank"" href=""https://www.ncbi.nlm.nih.gov/data-hub/taxonomy/2070/"">f__Pseudonocardiaceae</a>; <a target=""_blank"" href=""https://www.ncbi.nlm.nih.gov/data-hub/taxonomy/1835/"">g__Saccharopolyspora</a>; <a target=""_blank"" href=""https://www.ncbi.nlm.nih.gov/data-hub/taxonomy/2492662/"">s__Saccharopolyspora rhizosphaerae</a>","{'taxon': 'd__Bacteria', 'taxonId': '2'}","{'taxon': 'p__Actinobacteria', 'taxonId': '201174'}","{'taxon': 'c__Actinomycetia', 'taxonId': '1760'}","{'taxon': 'o__Pseudonocardiales', 'taxonId': '85010'}","{'taxon': 'f__Pseudonocardiaceae', 'taxonId': '2070'}","{'taxon': 'g__Saccharopolyspora', 'taxonId': '1835'}","{'taxon': 's__Saccharopolyspora rhizosphaerae', 'taxonId': '2492662'}","[{'taxon': 'd__Bacteria', 'taxonId': '2'}, {'taxon': 'x__Terrabacteria group', 'taxonId': '1783272'}, {'taxon': 'p__Actinobacteria', 'taxonId': '201174'}, {'taxon': 'c__Actinomycetia', 'taxonId': '1760'}, {'taxon': 'o__Pseudonocardiales', 'taxonId': '85010'}, {'taxon': 'f__Pseudonocardiaceae', 'taxonId': '2070'}, {'taxon': 'g__Saccharopolyspora', 'taxonId': '1835'}, {'taxon': 's__Saccharopolyspora rhizosphaerae', 'taxonId': '2492662'}]",Genome found,Scaffold,MQ
GCF_025643595.1,GCF_025643595.1,6562638,6562638,6562638,6562638.0,0.7170576832060522,6562638,6562638,1,6562638,6562638,6562638.0,unknown,d__Bacteria,p__Actinobacteriota,c__Actinomycetia,o__Mycobacteriales,f__Pseudonocardiaceae,g__Saccharopolyspora,s__,s__,,,,,,,,,,,,,,,,,,,,,,,,,,,,,,,,,,,,,,,,,,,,,,,,,,,,,,,,,,,,,,,,,,,,,,,,,,,,,,,,,,,,Complete Genome,HQ
GCF_012277335.1,GCF_012277335.1,8045912,8045912,8045912,8045912.0,0.6810451071301798,8045912,8045912,1,8045912,8045912,8045912.0,R207,d__Bacteria,p__Actinobacteriota,c__Actinomycetia,o__Mycobacteriales,f__Pseudonocardiaceae,g__Saccharopolyspora,pogona,s__Saccharopolyspora pogona,GCA_012277335.1,GCF_012277335.1,19.0,1.0,8045912.0,8045912.0,1.0,8045912.0,8045912.0,8045912.0,68.10451071301799,0.0,99.88,3.05,5.88,5.0,5.0,5.0,7504.0,84.22994186364454,GCA_012277335.1,ASAGF58,Complete Genome,ASM1227733v1,na,PRJNA224116,SAMN11488380,,2020-04-14,,full,,,,1.0,,na,2020/04/14,0.0,2719023.0,,Academy of National Food and Strategic Reserves Administration,2719023.0,0.0,,,0.0,latest,,not type material,,not type material,not type material,,False,d__Bacteria;p__Actinobacteria;c__Actinomycetia;o__Pseudonocardiales;f__Pseudonocardiaceae;g__Saccharopolyspora;s__,d__Bacteria;x__Terrabacteria group;p__Actinobacteria;c__Actinomycetia;o__Pseudonocardiales;f__Pseudonocardiaceae;g__Saccharopolyspora;x__unclassified Saccharopolyspora;s__Saccharopolyspora sp. ASAGF58,False,RS_GCF_014697215.1,,d__Bacteria,p__Actinomycetota,c__Actinomycetia,o__Mycobacteriales,f__Pseudonocardiaceae,g__Saccharopolyspora,s__Saccharopolyspora pogona,not type material,5S/16S/23S,GCA_014697215.1,2.0,,"<a target=""_blank"" href=""https://www.ncbi.nlm.nih.gov/data-hub/taxonomy/2/"">d__Bacteria</a>; <a target=""_blank"" href=""https://www.ncbi.nlm.nih.gov/data-hub/taxonomy/201174/"">p__Actinobacteria</a>; <a target=""_blank"" href=""https://www.ncbi.nlm.nih.gov/data-hub/taxonomy/1760/"">c__Actinomycetia</a>; <a target=""_blank"" href=""https://www.ncbi.nlm.nih.gov/data-hub/taxonomy/85010/"">o__Pseudonocardiales</a>; <a target=""_blank"" href=""https://www.ncbi.nlm.nih.gov/data-hub/taxonomy/2070/"">f__Pseudonocardiaceae</a>; <a target=""_blank"" href=""https://www.ncbi.nlm.nih.gov/data-hub/taxonomy/1835/"">g__Saccharopolyspora</a>; s__","<a target=""_blank"" href=""https://www.ncbi.nlm.nih.gov/data-hub/taxonomy/2/"">d__Bacteria</a>; <a target=""_blank"" href=""https://www.ncbi.nlm.nih.gov/data-hub/taxonomy/1783272/"">x__Terrabacteria group</a>; <a target=""_blank"" href=""https://www.ncbi.nlm.nih.gov/data-hub/taxonomy/201174/"">p__Actinobacteria</a>; <a target=""_blank"" href=""https://www.ncbi.nlm.nih.gov/data-hub/taxonomy/1760/"">c__Actinomycetia</a>; <a target=""_blank"" href=""https://www.ncbi.nlm.nih.gov/data-hub/taxonomy/85010/"">o__Pseudonocardiales</a>; <a target=""_blank"" href=""https://www.ncbi.nlm.nih.gov/data-hub/taxonomy/2070/"">f__Pseudonocardiaceae</a>; <a target=""_blank"" href=""https://www.ncbi.nlm.nih.gov/data-hub/taxonomy/1835/"">g__Saccharopolyspora</a>; <a target=""_blank"" href=""https://www.ncbi.nlm.nih.gov/data-hub/taxonomy/2646250/"">x__unclassified Saccharopolyspora</a>; <a target=""_blank"" href=""https://www.ncbi.nlm.nih.gov/data-hub/taxonomy/2719023/"">s__Saccharopolyspora sp. ASAGF58</a>","{'taxon': 'd__Bacteria', 'taxonId': '2'}","{'taxon': 'p__Actinobacteria', 'taxonId': '201174'}","{'taxon': 'c__Actinomycetia', 'taxonId': '1760'}","{'taxon': 'o__Pseudonocardiales', 'taxonId': '85010'}","{'taxon': 'f__Pseudonocardiaceae', 'taxonId': '2070'}","{'taxon': 'g__Saccharopolyspora', 'taxonId': '1835'}","{'taxon': 's__', 'taxonId': None}","[{'taxon': 'd__Bacteria', 'taxonId': '2'}, {'taxon': 'x__Terrabacteria group', 'taxonId': '1783272'}, {'taxon': 'p__Actinobacteria', 'taxonId': '201174'}, {'taxon': 'c__Actinomycetia', 'taxonId': '1760'}, {'taxon': 'o__Pseudonocardiales', 'taxonId': '85010'}, {'taxon': 'f__Pseudonocardiaceae', 'taxonId': '2070'}, {'taxon': 'g__Saccharopolyspora', 'taxonId': '1835'}, {'taxon': 'x__unclassified Saccharopolyspora', 'taxonId': '2646250'}, {'taxon': 's__Saccharopolyspora sp. ASAGF58', 'taxonId': '2719023'}]",Genome found,Complete Genome,HQ
GCF_016526145.1,GCF_016526145.1,1107,718680,454807,489088.8301811847,0.7029273240831624,979558,275939,34,6397171,118167,188152.0882352941,R207,d__Bacteria,p__Actinobacteriota,c__Actinomycetia,o__Mycobacteriales,f__Pseudonocardiaceae,g__Saccharopolyspora_C,sp016526145,s__Saccharopolyspora_C sp016526145,GCA_016526145.1,GCF_016526145.1,19.0,35.0,406614.0,979558.0,34.0,454807.0,979558.0,6397171.0,70.29273240831624,0.0,99.47,1.48,0.0,3.0,1.0,1.0,5826.0,87.22302405235064,GCA_016526145.1,HNM0986,Scaffold,ASM1652614v1,na,PRJNA224116,SAMN16483406,,2021-01-05,,full,,,,0.0,,na,2021/01/05,1.0,2781241.0,,Hainan University,2781241.0,100.0,,,0.0,latest,JADDUE000000000.1,not type material,,not type material,,,False,d__Bacteria;p__Actinobacteria;c__Actinomycetia;o__Pseudonocardiales;f__Pseudonocardiaceae;g__Saccharopolyspora;s__,d__Bacteria;x__Terrabacteria group;p__Actinobacteria;c__Actinomycetia;o__Pseudonocardiales;f__Pseudonocardiaceae;g__Saccharopolyspora;x__unclassified Saccharopolyspora;s__Saccharopolyspora sp. HNM0986,True,RS_GCF_016526145.1,,d__Bacteria,p__Actinomycetota,c__Actinomycetia,o__Mycobacteriales,f__Pseudonocardiaceae,g__Saccharopolyspora_C,s__Saccharopolyspora_C sp016526145,not type material,5S/16S/23S,GCA_016526145.1,2.0,,"<a target=""_blank"" href=""https://www.ncbi.nlm.nih.gov/data-hub/taxonomy/2/"">d__Bacteria</a>; <a target=""_blank"" href=""https://www.ncbi.nlm.nih.gov/data-hub/taxonomy/201174/"">p__Actinobacteria</a>; <a target=""_blank"" href=""https://www.ncbi.nlm.nih.gov/data-hub/taxonomy/1760/"">c__Actinomycetia</a>; <a target=""_blank"" href=""https://www.ncbi.nlm.nih.gov/data-hub/taxonomy/85010/"">o__Pseudonocardiales</a>; <a target=""_blank"" href=""https://www.ncbi.nlm.nih.gov/data-hub/taxonomy/2070/"">f__Pseudonocardiaceae</a>; <a target=""_blank"" href=""https://www.ncbi.nlm.nih.gov/data-hub/taxonomy/1835/"">g__Saccharopolyspora</a>; s__","<a target=""_blank"" href=""https://www.ncbi.nlm.nih.gov/data-hub/taxonomy/2/"">d__Bacteria</a>; <a target=""_blank"" href=""https://www.ncbi.nlm.nih.gov/data-hub/taxonomy/1783272/"">x__Terrabacteria group</a>; <a target=""_blank"" href=""https://www.ncbi.nlm.nih.gov/data-hub/taxonomy/201174/"">p__Actinobacteria</a>; <a target=""_blank"" href=""https://www.ncbi.nlm.nih.gov/data-hub/taxonomy/1760/"">c__Actinomycetia</a>; <a target=""_blank"" href=""https://www.ncbi.nlm.nih.gov/data-hub/taxonomy/85010/"">o__Pseudonocardiales</a>; <a target=""_blank"" href=""https://www.ncbi.nlm.nih.gov/data-hub/taxonomy/2070/"">f__Pseudonocardiaceae</a>; <a target=""_blank"" href=""https://www.ncbi.nlm.nih.gov/data-hub/taxonomy/1835/"">g__Saccharopolyspora</a>; <a target=""_blank"" href=""https://www.ncbi.nlm.nih.gov/data-hub/taxonomy/2646250/"">x__unclassified Saccharopolyspora</a>; <a target=""_blank"" href=""https://www.ncbi.nlm.nih.gov/data-hub/taxonomy/2781241/"">s__Saccharopolyspora sp. HNM0986</a>","{'taxon': 'd__Bacteria', 'taxonId': '2'}","{'taxon': 'p__Actinobacteria', 'taxonId': '201174'}","{'taxon': 'c__Actinomycetia', 'taxonId': '1760'}","{'taxon': 'o__Pseudonocardiales', 'taxonId': '85010'}","{'taxon': 'f__Pseudonocardiaceae', 'taxonId': '2070'}","{'taxon': 'g__Saccharopolyspora', 'taxonId': '1835'}","{'taxon': 's__', 'taxonId': None}","[{'taxon': 'd__Bacteria', 'taxonId': '2'}, {'taxon': 'x__Terrabacteria group', 'taxonId': '1783272'}, {'taxon': 'p__Actinobacteria', 'taxonId': '201174'}, {'taxon': 'c__Actinomycetia', 'taxonId': '1760'}, {'taxon': 'o__Pseudonocardiales', 'taxonId': '85010'}, {'taxon': 'f__Pseudonocardiaceae', 'taxonId': '2070'}, {'taxon': 'g__Saccharopolyspora', 'taxonId': '1835'}, {'taxon': 'x__unclassified Saccharopolyspora', 'taxonId': '2646250'}, {'taxon': 's__Saccharopolyspora sp. HNM0986', 'taxonId': '2781241'}]",Genome found,Scaffold,MQ
GCF_014490055.1,GCF_014490055.1,8876435,8876435,8876435,8876435.0,0.6796706110054318,8876435,8876435,1,8876435,8876435,8876435.0,R207,d__Bacteria,p__Actinobacteriota,c__Actinomycetia,o__Mycobacteriales,f__Pseudonocardiaceae,g__Saccharopolyspora,spinosa,s__Saccharopolyspora spinosa,GCA_014490055.1,GCF_014490055.1,19.0,1.0,8876435.0,8876435.0,1.0,8876435.0,8876435.0,8876435.0,67.96706110054318,0.0,99.53,3.25,0.0,5.0,5.0,5.0,8022.0,84.46922666588557,GCA_014490055.1,CCTCC M206084,Complete Genome,ASM1449005v1,na,PRJNA224116,SAMN15928325,,2020-09-07,,full,,,,1.0,,representative genome,2020/09/07,0.0,60894.0,,Hunan Normal University,60894.0,0.0,,,0.0,latest,,not type material,,not type material,not type material,,False,d__Bacteria;p__Actinobacteria;c__Actinomycetia;o__Pseudonocardiales;f__Pseudonocardiaceae;g__Saccharopolyspora;s__Saccharopolyspora spinosa,d__Bacteria;x__Terrabacteria group;p__Actinobacteria;c__Actinomycetia;o__Pseudonocardiales;f__Pseudonocardiaceae;g__Saccharopolyspora;s__Saccharopolyspora spinosa,False,RS_GCF_000194155.1,,d__Bacteria,p__Actinomycetota,c__Actinomycetia,o__Mycobacteriales,f__Pseudonocardiaceae,g__Saccharopolyspora,s__Saccharopolyspora spinosa,not type material,5S/16S/23S,GCA_000194155.1,3.0,https://lpsn.dsmz.de/species/saccharopolyspora-spinosa,"<a target=""_blank"" href=""https://www.ncbi.nlm.nih.gov/data-hub/taxonomy/2/"">d__Bacteria</a>; <a target=""_blank"" href=""https://www.ncbi.nlm.nih.gov/data-hub/taxonomy/201174/"">p__Actinobacteria</a>; <a target=""_blank"" href=""https://www.ncbi.nlm.nih.gov/data-hub/taxonomy/1760/"">c__Actinomycetia</a>; <a target=""_blank"" href=""https://www.ncbi.nlm.nih.gov/data-hub/taxonomy/85010/"">o__Pseudonocardiales</a>; <a target=""_blank"" href=""https://www.ncbi.nlm.nih.gov/data-hub/taxonomy/2070/"">f__Pseudonocardiaceae</a>; <a target=""_blank"" href=""https://www.ncbi.nlm.nih.gov/data-hub/taxonomy/1835/"">g__Saccharopolyspora</a>; <a target=""_blank"" href=""https://www.ncbi.nlm.nih.gov/data-hub/taxonomy/60894/"">s__Saccharopolyspora spinosa</a>","<a target=""_blank"" href=""https://www.ncbi.nlm.nih.gov/data-hub/taxonomy/2/"">d__Bacteria</a>; <a target=""_blank"" href=""https://www.ncbi.nlm.nih.gov/data-hub/taxonomy/1783272/"">x__Terrabacteria group</a>; <a target=""_blank"" href=""https://www.ncbi.nlm.nih.gov/data-hub/taxonomy/201174/"">p__Actinobacteria</a>; <a target=""_blank"" href=""https://www.ncbi.nlm.nih.gov/data-hub/taxonomy/1760/"">c__Actinomycetia</a>; <a target=""_blank"" href=""https://www.ncbi.nlm.nih.gov/data-hub/taxonomy/85010/"">o__Pseudonocardiales</a>; <a target=""_blank"" href=""https://www.ncbi.nlm.nih.gov/data-hub/taxonomy/2070/"">f__Pseudonocardiaceae</a>; <a target=""_blank"" href=""https://www.ncbi.nlm.nih.gov/data-hub/taxonomy/1835/"">g__Saccharopolyspora</a>; <a target=""_blank"" href=""https://www.ncbi.nlm.nih.gov/data-hub/taxonomy/60894/"">s__Saccharopolyspora spinosa</a>","{'taxon': 'd__Bacteria', 'taxonId': '2'}","{'taxon': 'p__Actinobacteria', 'taxonId': '201174'}","{'taxon': 'c__Actinomycetia', 'taxonId': '1760'}","{'taxon': 'o__Pseudonocardiales', 'taxonId': '85010'}","{'taxon': 'f__Pseudonocardiaceae', 'taxonId': '2070'}","{'taxon': 'g__Saccharopolyspora', 'taxonId': '1835'}","{'taxon': 's__Saccharopolyspora spinosa', 'taxonId': '60894'}","[{'taxon': 'd__Bacteria', 'taxonId': '2'}, {'taxon': 'x__Terrabacteria group', 'taxonId': '1783272'}, {'taxon': 'p__Actinobacteria', 'taxonId': '201174'}, {'taxon': 'c__Actinomycetia', 'taxonId': '1760'}, {'taxon': 'o__Pseudonocardiales', 'taxonId': '85010'}, {'taxon': 'f__Pseudonocardiaceae', 'taxonId': '2070'}, {'taxon': 'g__Saccharopolyspora', 'taxonId': '1835'}, {'taxon': 's__Saccharopolyspora spinosa', 'taxonId': '60894'}]",Genome found,Complete Genome,HQ
GCF_002846475.1,GCF_002846475.1,9020646,9020646,9020646,9020646.0,0.6794950162105907,9020646,9020646,1,9020646,9020646,9020646.0,R207,d__Bacteria,p__Actinobacteriota,c__Actinomycetia,o__Mycobacteriales,f__Pseudonocardiaceae,g__Saccharopolyspora,spinosa,s__Saccharopolyspora spinosa,GCA_002846475.1,GCF_002846475.1,19.0,1.0,9020646.0,9020646.0,1.0,9020646.0,9020646.0,9020646.0,67.94950162105907,0.0,99.53,3.25,0.0,5.0,5.0,6.0,8028.0,84.79478077290695,GCA_002846475.1,DSM 44228,Contig,ASM284647v1,na,PRJNA224116,SAMN05216473,,2017-12-21,,full,,,,0.0,,na,2017/12/21,0.0,60894.0,,DOE Joint Genome Institute,60894.0,0.0,,,0.0,latest,PJNB00000000.1,type strain of species,LPSN,type strain of species,type strain of species,1990.0,False,d__Bacteria;p__Actinobacteria;c__Actinomycetia;o__Pseudonocardiales;f__Pseudonocardiaceae;g__Saccharopolyspora;s__Saccharopolyspora spinosa,d__Bacteria;x__Terrabacteria group;p__Actinobacteria;c__Actinomycetia;o__Pseudonocardiales;f__Pseudonocardiaceae;g__Saccharopolyspora;s__Saccharopolyspora spinosa,False,RS_GCF_000194155.1,assembly from type material,d__Bacteria,p__Actinomycetota,c__Actinomycetia,o__Mycobacteriales,f__Pseudonocardiaceae,g__Saccharopolyspora,s__Saccharopolyspora spinosa,type strain of species,5S/16S/23S,GCA_000194155.1,3.0,https://lpsn.dsmz.de/species/saccharopolyspora-spinosa,"<a target=""_blank"" href=""https://www.ncbi.nlm.nih.gov/data-hub/taxonomy/2/"">d__Bacteria</a>; <a target=""_blank"" href=""https://www.ncbi.nlm.nih.gov/data-hub/taxonomy/201174/"">p__Actinobacteria</a>; <a target=""_blank"" href=""https://www.ncbi.nlm.nih.gov/data-hub/taxonomy/1760/"">c__Actinomycetia</a>; <a target=""_blank"" href=""https://www.ncbi.nlm.nih.gov/data-hub/taxonomy/85010/"">o__Pseudonocardiales</a>; <a target=""_blank"" href=""https://www.ncbi.nlm.nih.gov/data-hub/taxonomy/2070/"">f__Pseudonocardiaceae</a>; <a target=""_blank"" href=""https://www.ncbi.nlm.nih.gov/data-hub/taxonomy/1835/"">g__Saccharopolyspora</a>; <a target=""_blank"" href=""https://www.ncbi.nlm.nih.gov/data-hub/taxonomy/60894/"">s__Saccharopolyspora spinosa</a>","<a target=""_blank"" href=""https://www.ncbi.nlm.nih.gov/data-hub/taxonomy/2/"">d__Bacteria</a>; <a target=""_blank"" href=""https://www.ncbi.nlm.nih.gov/data-hub/taxonomy/1783272/"">x__Terrabacteria group</a>; <a target=""_blank"" href=""https://www.ncbi.nlm.nih.gov/data-hub/taxonomy/201174/"">p__Actinobacteria</a>; <a target=""_blank"" href=""https://www.ncbi.nlm.nih.gov/data-hub/taxonomy/1760/"">c__Actinomycetia</a>; <a target=""_blank"" href=""https://www.ncbi.nlm.nih.gov/data-hub/taxonomy/85010/"">o__Pseudonocardiales</a>; <a target=""_blank"" href=""https://www.ncbi.nlm.nih.gov/data-hub/taxonomy/2070/"">f__Pseudonocardiaceae</a>; <a target=""_blank"" href=""https://www.ncbi.nlm.nih.gov/data-hub/taxonomy/1835/"">g__Saccharopolyspora</a>; <a target=""_blank"" href=""https://www.ncbi.nlm.nih.gov/data-hub/taxonomy/60894/"">s__Saccharopolyspora spinosa</a>","{'taxon': 'd__Bacteria', 'taxonId': '2'}","{'taxon': 'p__Actinobacteria', 'taxonId': '201174'}","{'taxon': 'c__Actinomycetia', 'taxonId': '1760'}","{'taxon': 'o__Pseudonocardiales', 'taxonId': '85010'}","{'taxon': 'f__Pseudonocardiaceae', 'taxonId': '2070'}","{'taxon': 'g__Saccharopolyspora', 'taxonId': '1835'}","{'taxon': 's__Saccharopolyspora spinosa', 'taxonId': '60894'}","[{'taxon': 'd__Bacteria', 'taxonId': '2'}, {'taxon': 'x__Terrabacteria group', 'taxonId': '1783272'}, {'taxon': 'p__Actinobacteria', 'taxonId': '201174'}, {'taxon': 'c__Actinomycetia', 'taxonId': '1760'}, {'taxon': 'o__Pseudonocardiales', 'taxonId': '85010'}, {'taxon': 'f__Pseudonocardiaceae', 'taxonId': '2070'}, {'taxon': 'g__Saccharopolyspora', 'taxonId': '1835'}, {'taxon': 's__Saccharopolyspora spinosa', 'taxonId': '60894'}]",Genome found,Contig,HQ
GCF_000194155.1,GCF_000194155.1,1081,3851573,2392754,2522450.856902418,0.6805661874795961,3851573,546156,22,8581920,519670,390087.2727272727,R207,d__Bacteria,p__Actinobacteriota,c__Actinomycetia,o__Mycobacteriales,f__Pseudonocardiaceae,g__Saccharopolyspora,spinosa,s__Saccharopolyspora spinosa,GCA_000194155.1,GCF_000194155.1,19.0,117.0,163471.0,471503.0,22.0,2392754.0,3851573.0,8581920.0,68.0566187479596,8.0,98.64,3.0,7.69,2.0,1.0,1.0,8230.0,82.7515870574417,GCA_000194155.1,NRRL 18395,Scaffold,ASM19415v1,na,PRJNA224116,SAMN02470034,,2011-03-29,,full,,,,0.0,,na,2011/03/29,96.0,60894.0,,"Microbial Genome Research Center, CASPMI, IM-CAS",994479.0,54144.0,,,0.0,latest,AEYC00000000.1,type strain of species,LPSN,type strain of species,type strain of species,1990.0,False,d__Bacteria;p__Actinobacteria;c__Actinomycetia;o__Pseudonocardiales;f__Pseudonocardiaceae;g__Saccharopolyspora;s__Saccharopolyspora spinosa,d__Bacteria;x__Terrabacteria group;p__Actinobacteria;c__Actinomycetia;o__Pseudonocardiales;f__Pseudonocardiaceae;g__Saccharopolyspora;s__Saccharopolyspora spinosa;x__Saccharopolyspora spinosa NRRL 18395,True,RS_GCF_000194155.1,assembly from type material,d__Bacteria,p__Actinomycetota,c__Actinomycetia,o__Mycobacteriales,f__Pseudonocardiaceae,g__Saccharopolyspora,s__Saccharopolyspora spinosa,type strain of species,5S/16S/23S,GCA_000194155.1,3.0,https://lpsn.dsmz.de/species/saccharopolyspora-spinosa,"<a target=""_blank"" href=""https://www.ncbi.nlm.nih.gov/data-hub/taxonomy/2/"">d__Bacteria</a>; <a target=""_blank"" href=""https://www.ncbi.nlm.nih.gov/data-hub/taxonomy/201174/"">p__Actinobacteria</a>; <a target=""_blank"" href=""https://www.ncbi.nlm.nih.gov/data-hub/taxonomy/1760/"">c__Actinomycetia</a>; <a target=""_blank"" href=""https://www.ncbi.nlm.nih.gov/data-hub/taxonomy/85010/"">o__Pseudonocardiales</a>; <a target=""_blank"" href=""https://www.ncbi.nlm.nih.gov/data-hub/taxonomy/2070/"">f__Pseudonocardiaceae</a>; <a target=""_blank"" href=""https://www.ncbi.nlm.nih.gov/data-hub/taxonomy/1835/"">g__Saccharopolyspora</a>; <a target=""_blank"" href=""https://www.ncbi.nlm.nih.gov/data-hub/taxonomy/60894/"">s__Saccharopolyspora spinosa</a>","<a target=""_blank"" href=""https://www.ncbi.nlm.nih.gov/data-hub/taxonomy/2/"">d__Bacteria</a>; <a target=""_blank"" href=""https://www.ncbi.nlm.nih.gov/data-hub/taxonomy/1783272/"">x__Terrabacteria group</a>; <a target=""_blank"" href=""https://www.ncbi.nlm.nih.gov/data-hub/taxonomy/201174/"">p__Actinobacteria</a>; <a target=""_blank"" href=""https://www.ncbi.nlm.nih.gov/data-hub/taxonomy/1760/"">c__Actinomycetia</a>; <a target=""_blank"" href=""https://www.ncbi.nlm.nih.gov/data-hub/taxonomy/85010/"">o__Pseudonocardiales</a>; <a target=""_blank"" href=""https://www.ncbi.nlm.nih.gov/data-hub/taxonomy/2070/"">f__Pseudonocardiaceae</a>; <a target=""_blank"" href=""https://www.ncbi.nlm.nih.gov/data-hub/taxonomy/1835/"">g__Saccharopolyspora</a>; <a target=""_blank"" href=""https://www.ncbi.nlm.nih.gov/data-hub/taxonomy/60894/"">s__Saccharopolyspora spinosa</a>; <a target=""_blank"" href=""https://www.ncbi.nlm.nih.gov/data-hub/taxonomy/994479/"">x__Saccharopolyspora spinosa NRRL 18395</a>","{'taxon': 'd__Bacteria', 'taxonId': '2'}","{'taxon': 'p__Actinobacteria', 'taxonId': '201174'}","{'taxon': 'c__Actinomycetia', 'taxonId': '1760'}","{'taxon': 'o__Pseudonocardiales', 'taxonId': '85010'}","{'taxon': 'f__Pseudonocardiaceae', 'taxonId': '2070'}","{'taxon': 'g__Saccharopolyspora', 'taxonId': '1835'}","{'taxon': 's__Saccharopolyspora spinosa', 'taxonId': '60894'}","[{'taxon': 'd__Bacteria', 'taxonId': '2'}, {'taxon': 'x__Terrabacteria group', 'taxonId': '1783272'}, {'taxon': 'p__Actinobacteria', 'taxonId': '201174'}, {'taxon': 'c__Actinomycetia', 'taxonId': '1760'}, {'taxon': 'o__Pseudonocardiales', 'taxonId': '85010'}, {'taxon': 'f__Pseudonocardiaceae', 'taxonId': '2070'}, {'taxon': 'g__Saccharopolyspora', 'taxonId': '1835'}, {'taxon': 's__Saccharopolyspora spinosa', 'taxonId': '60894'}, {'taxon': 'x__Saccharopolyspora spinosa NRRL 18395', 'taxonId': '994479'}]",Genome found,Scaffold,MQ
