,bgc_id,bigscape_class,fam_type_0.30,fam_id_0.30,known_cluster_blast,bigfam_hits,arts_hits,family_size,values
0,NZ_RBXX01000002.1.region001,NRPS,BiG-SCAPE unknown,GCF_52,antiSMASH unknown,BiG-FAM unknown,ARTS2 unknown,4.0,1
1,NZ_RBXX01000002.1.region002,NRPS,BiG-SCAPE unknown,GCF_3,antiSMASH unknown,BiG-FAM match,ARTS2 match,19.0,1
2,NZ_RBXX01000002.1.region003,Others,BiG-SCAPE unknown,GCF_1,antiSMASH known,BiG-FAM match,ARTS2 match,26.0,1
3,NZ_RBXX01000002.1.region004,RiPPs,BiG-SCAPE unknown,GCF_48,antiSMASH unknown,BiG-FAM unknown,ARTS2 match,4.0,1
4,NZ_RBXX01000002.1.region005,Others,BiG-SCAPE unknown,GCF_104,antiSMASH unknown,BiG-FAM unknown,ARTS2 unknown,2.0,1
5,NZ_RBXX01000002.1.region006,Terpene,BiG-SCAPE unknown,GCF_2,antiSMASH unknown,BiG-FAM match,ARTS2 match,26.0,1
6,NZ_RBXX01000002.1.region007,RiPPs,BiG-SCAPE unknown,GCF_7,antiSMASH unknown,BiG-FAM unknown,ARTS2 match,6.0,1
7,NZ_RBXX01000002.1.region008,PKSI,BiG-SCAPE unknown,GCF_116,antiSMASH unknown,BiG-FAM unknown,ARTS2 match,2.0,1
8,NZ_RBXX01000002.1.region009,Saccharides,BiG-SCAPE unknown,GCF_44,antiSMASH unknown,BiG-FAM match,ARTS2 unknown,4.0,1
9,NZ_RBXX01000002.1.region010,Terpene,BiG-SCAPE unknown,GCF_120,antiSMASH unknown,BiG-FAM match,ARTS2 unknown,2.0,1
10,NZ_RBXX01000002.1.region011,PKSother,BiG-SCAPE unknown,GCF_117,antiSMASH unknown,BiG-FAM match,ARTS2 match,2.0,1
11,NZ_RBXX01000002.1.region012,Others,BiG-SCAPE unknown,GCF_18,antiSMASH unknown,BiG-FAM unknown,ARTS2 match,5.0,1
12,NZ_RBXX01000002.1.region013,Terpene,BiG-SCAPE unknown,GCF_30,antiSMASH known,BiG-FAM match,ARTS2 match,5.0,1
13,NZ_RBXX01000002.1.region014,Terpene,BiG-SCAPE unknown,GCF_6,antiSMASH unknown,BiG-FAM match,ARTS2 unknown,7.0,1
14,NZ_RBXX01000002.1.region015,Others,BiG-SCAPE unknown,GCF_39,antiSMASH unknown,BiG-FAM unknown,ARTS2 unknown,4.0,1
15,NZ_RBXX01000002.1.region016,Terpene,BiG-SCAPE unknown,GCF_4,antiSMASH unknown,BiG-FAM match,ARTS2 match,18.0,1
16,NZ_RBXX01000002.1.region017,Others,BiG-SCAPE unknown,GCF_101,antiSMASH unknown,BiG-FAM match,ARTS2 match,2.0,1
17,NZ_RBXX01000002.1.region018,Others,BiG-SCAPE unknown,GCF_5,antiSMASH unknown,BiG-FAM match,ARTS2 unknown,9.0,1
18,NZ_RBXX01000002.1.region019,Terpene,BiG-SCAPE unknown,GCF_64,antiSMASH known,BiG-FAM unknown,ARTS2 unknown,4.0,1
19,NZ_RBXX01000002.1.region020,Others,BiG-SCAPE unknown,GCF_35,antiSMASH unknown,BiG-FAM match,ARTS2 match,4.0,1
20,NZ_RBXX01000002.1.region021,PKS-NRP_Hybrids,BiG-SCAPE unknown,GCF_51,antiSMASH unknown,BiG-FAM match,ARTS2 match,4.0,1
21,NZ_RBXX01000002.1.region022,Terpene,BiG-SCAPE unknown,GCF_33,antiSMASH unknown,BiG-FAM match,ARTS2 unknown,5.0,1
22,NZ_RBXX01000002.1.region023,Others,BiG-SCAPE unknown,GCF_41,antiSMASH unknown,BiG-FAM match,ARTS2 unknown,4.0,1
23,NZ_FOUP01000001.1.region001,Others,BiG-SCAPE unknown,GCF_101,antiSMASH unknown,BiG-FAM match,ARTS2 match,2.0,1
24,NZ_FOUP01000001.1.region002,Terpene,BiG-SCAPE unknown,GCF_4,antiSMASH unknown,BiG-FAM match,ARTS2 match,18.0,1
25,NZ_FOUP01000001.1.region003,Others,BiG-SCAPE unknown,GCF_39,antiSMASH unknown,BiG-FAM unknown,ARTS2 unknown,4.0,1
26,NZ_FOUP01000001.1.region004,Terpene,BiG-SCAPE unknown,GCF_6,antiSMASH unknown,BiG-FAM match,ARTS2 unknown,7.0,1
27,NZ_FOUP01000001.1.region005,Terpene,BiG-SCAPE unknown,GCF_30,antiSMASH known,BiG-FAM match,ARTS2 match,5.0,1
28,NZ_FOUP01000001.1.region006,Others,BiG-SCAPE unknown,GCF_5,antiSMASH unknown,BiG-FAM match,ARTS2 unknown,9.0,1
29,NZ_FOUP01000001.1.region007,Terpene,BiG-SCAPE unknown,GCF_64,antiSMASH known,BiG-FAM unknown,ARTS2 unknown,4.0,1
30,NZ_FOUP01000002.1.region001,Saccharides,BiG-SCAPE unknown,GCF_44,antiSMASH unknown,BiG-FAM match,ARTS2 unknown,4.0,1
31,NZ_FOUP01000002.1.region002,PKSI,BiG-SCAPE unknown,GCF_116,antiSMASH unknown,BiG-FAM unknown,ARTS2 match,2.0,1
32,NZ_FOUP01000002.1.region003,RiPPs,BiG-SCAPE unknown,GCF_7,antiSMASH unknown,BiG-FAM unknown,ARTS2 match,6.0,1
33,NZ_FOUP01000003.1.region001,NRPS,BiG-SCAPE unknown,GCF_3,antiSMASH unknown,BiG-FAM match,ARTS2 match,19.0,1
34,NZ_FOUP01000006.1.region001,Others,BiG-SCAPE unknown,GCF_104,antiSMASH unknown,BiG-FAM unknown,ARTS2 unknown,2.0,1
35,NZ_FOUP01000007.1.region001,PKS-NRP_Hybrids,BiG-SCAPE unknown,GCF_51,antiSMASH unknown,BiG-FAM match,ARTS2 match,4.0,1
36,NZ_FOUP01000007.1.region002,Others,BiG-SCAPE unknown,GCF_35,antiSMASH unknown,BiG-FAM match,ARTS2 match,4.0,1
37,NZ_FOUP01000009.1.region001,Terpene,BiG-SCAPE unknown,GCF_2,antiSMASH unknown,BiG-FAM match,ARTS2 match,26.0,1
38,NZ_FOUP01000011.1.region001,NRPS,BiG-SCAPE unknown,GCF_52,antiSMASH unknown,BiG-FAM unknown,ARTS2 unknown,4.0,1
39,NZ_FOUP01000012.1.region001,Others,BiG-SCAPE unknown,GCF_1,antiSMASH known,BiG-FAM match,ARTS2 match,26.0,1
40,NZ_FOUP01000013.1.region001,Others,BiG-SCAPE unknown,GCF_18,antiSMASH unknown,BiG-FAM unknown,ARTS2 match,5.0,1
41,NZ_FOUP01000013.1.region002,PKSother,BiG-SCAPE unknown,GCF_117,antiSMASH unknown,BiG-FAM match,ARTS2 match,2.0,1
42,NZ_FOUP01000014.1.region001,Others,BiG-SCAPE unknown,GCF_41,antiSMASH unknown,BiG-FAM match,ARTS2 unknown,4.0,1
43,NZ_FOUP01000018.1.region001,RiPPs,BiG-SCAPE unknown,GCF_48,antiSMASH unknown,BiG-FAM unknown,ARTS2 match,4.0,1
44,NZ_FOUP01000028.1.region001,Terpene,BiG-SCAPE unknown,GCF_33,antiSMASH unknown,BiG-FAM match,ARTS2 unknown,5.0,1
45,NZ_FOUP01000033.1.region001,Terpene,BiG-SCAPE unknown,GCF_120,antiSMASH unknown,BiG-FAM match,ARTS2 unknown,2.0,1
46,NZ_VIWX01000001.1.region001,Others,BiG-SCAPE unknown,GCF_155,antiSMASH unknown,BiG-FAM match,ARTS2 unknown,1.0,1
47,NZ_VIWX01000001.1.region002,Terpene,BiG-SCAPE unknown,GCF_121,antiSMASH unknown,BiG-FAM match,ARTS2 unknown,2.0,1
48,NZ_VIWX01000001.1.region003,RiPPs,BiG-SCAPE unknown,GCF_213,antiSMASH unknown,BiG-FAM unknown,ARTS2 unknown,1.0,1
49,NZ_VIWX01000001.1.region004,NRPS,BiG-SCAPE unknown,GCF_249,antiSMASH unknown,BiG-FAM match,ARTS2 unknown,1.0,1
50,NZ_VIWX01000001.1.region005,Terpene,BiG-SCAPE unknown,GCF_33,antiSMASH unknown,BiG-FAM match,ARTS2 unknown,5.0,1
51,NZ_VIWX01000001.1.region006,Others,BiG-SCAPE unknown,GCF_36,antiSMASH unknown,BiG-FAM unknown,ARTS2 match,4.0,1
52,NZ_VIWX01000001.1.region007,RiPPs,BiG-SCAPE unknown,GCF_45,antiSMASH unknown,BiG-FAM unknown,ARTS2 match,4.0,1
53,NZ_VIWX01000001.1.region008,Terpene,BiG-SCAPE unknown,GCF_2,antiSMASH unknown,BiG-FAM match,ARTS2 match,26.0,1
54,NZ_VIWX01000001.1.region009,RiPPs,BiG-SCAPE unknown,GCF_225,antiSMASH unknown,BiG-FAM match,ARTS2 unknown,1.0,1
55,NZ_VIWX01000001.1.region010,Others,BiG-SCAPE unknown,GCF_177,antiSMASH unknown,BiG-FAM match,ARTS2 match,1.0,1
56,NZ_VIWX01000002.1.region001,Others,BiG-SCAPE unknown,GCF_43,antiSMASH unknown,BiG-FAM match,ARTS2 unknown,4.0,1
57,NZ_VIWX01000002.1.region002,PKSI,BiG-SCAPE unknown,GCF_266,antiSMASH known,BiG-FAM match,ARTS2 match,1.0,1
58,NZ_VIWX01000002.1.region003,Others,BiG-SCAPE unknown,GCF_174,antiSMASH unknown,BiG-FAM match,ARTS2 unknown,1.0,1
59,NZ_VIWX01000002.1.region004,PKS-NRP_Hybrids,BiG-SCAPE unknown,GCF_84,antiSMASH unknown,BiG-FAM match,ARTS2 match,3.0,1
60,NZ_VIWX01000002.1.region005,Others,BiG-SCAPE unknown,GCF_169,antiSMASH unknown,BiG-FAM unknown,ARTS2 match,1.0,1
61,NZ_VIWX01000002.1.region006,Terpene,BiG-SCAPE unknown,GCF_68,antiSMASH unknown,BiG-FAM match,ARTS2 unknown,4.0,1
62,NZ_VIWX01000002.1.region007,Terpene,BiG-SCAPE unknown,GCF_67,antiSMASH unknown,BiG-FAM match,ARTS2 unknown,4.0,1
63,NZ_VIWX01000002.1.region008,Terpene,BiG-SCAPE unknown,GCF_69,antiSMASH known,BiG-FAM match,ARTS2 match,4.0,1
64,NZ_VIWX01000004.1.region001,Others,BiG-SCAPE unknown,GCF_191,antiSMASH unknown,BiG-FAM match,ARTS2 match,1.0,1
65,NZ_VIWX01000005.1.region001,NRPS,BiG-SCAPE unknown,GCF_3,antiSMASH unknown,BiG-FAM match,ARTS2 match,19.0,1
66,NZ_VIWX01000006.1.region001,PKS-NRP_Hybrids,BiG-SCAPE known,GCF_8,antiSMASH known,BiG-FAM match,ARTS2 match,3.0,1
67,NZ_VIWX01000007.1.region001,Others,BiG-SCAPE unknown,GCF_1,antiSMASH known,BiG-FAM match,ARTS2 match,26.0,1
68,NZ_JAGPXE010000001.1.region001,PKS-NRP_Hybrids,BiG-SCAPE known,GCF_8,antiSMASH known,BiG-FAM match,ARTS2 match,3.0,1
69,NZ_JAGPXE010000002.1.region001,Others,BiG-SCAPE unknown,GCF_103,antiSMASH unknown,BiG-FAM match,ARTS2 unknown,2.0,1
70,NZ_JAGPXE010000002.1.region002,RiPPs,BiG-SCAPE unknown,GCF_81,antiSMASH unknown,BiG-FAM match,ARTS2 match,3.0,1
71,NZ_JAGPXE010000002.1.region003,Others,BiG-SCAPE unknown,GCF_167,antiSMASH unknown,BiG-FAM unknown,ARTS2 unknown,1.0,1
72,NZ_JAGPXE010000003.1.region001,Terpene,BiG-SCAPE unknown,GCF_311,antiSMASH unknown,BiG-FAM unknown,ARTS2 unknown,1.0,1
73,NZ_JAGPXE010000003.1.region002,Terpene,BiG-SCAPE unknown,GCF_68,antiSMASH unknown,BiG-FAM match,ARTS2 unknown,4.0,1
74,NZ_JAGPXE010000003.1.region003,Terpene,BiG-SCAPE unknown,GCF_67,antiSMASH unknown,BiG-FAM match,ARTS2 unknown,4.0,1
75,NZ_JAGPXE010000003.1.region004,Terpene,BiG-SCAPE unknown,GCF_69,antiSMASH known,BiG-FAM match,ARTS2 match,4.0,1
76,NZ_JAGPXE010000004.1.region001,Others,BiG-SCAPE unknown,GCF_190,antiSMASH unknown,BiG-FAM unknown,ARTS2 match,1.0,1
77,NZ_JAGPXE010000004.1.region002,Others,BiG-SCAPE unknown,GCF_43,antiSMASH unknown,BiG-FAM match,ARTS2 unknown,4.0,1
78,NZ_JAGPXE010000004.1.region003,RiPPs,BiG-SCAPE unknown,GCF_205,antiSMASH unknown,BiG-FAM unknown,ARTS2 unknown,1.0,1
79,NZ_JAGPXE010000006.1.region001,NRPS,BiG-SCAPE unknown,GCF_256,antiSMASH unknown,BiG-FAM match,ARTS2 unknown,1.0,1
80,NZ_JAGPXE010000007.1.region001,RiPPs,BiG-SCAPE unknown,GCF_222,antiSMASH unknown,BiG-FAM match,ARTS2 match,1.0,1
81,NZ_JAGPXE010000008.1.region001,NRPS,BiG-SCAPE unknown,GCF_3,antiSMASH unknown,BiG-FAM match,ARTS2 match,19.0,1
82,NZ_JAGPXE010000009.1.region001,RiPPs,BiG-SCAPE unknown,GCF_45,antiSMASH unknown,BiG-FAM unknown,ARTS2 match,4.0,1
83,NZ_JAGPXE010000009.1.region002,Terpene,BiG-SCAPE unknown,GCF_2,antiSMASH unknown,BiG-FAM match,ARTS2 match,26.0,1
84,NZ_JAGPXE010000010.1.region001,RiPPs,BiG-SCAPE unknown,GCF_198,antiSMASH unknown,BiG-FAM unknown,ARTS2 unknown,1.0,1
85,NZ_JAGPXE010000011.1.region001,RiPPs,BiG-SCAPE unknown,GCF_214,antiSMASH unknown,BiG-FAM match,ARTS2 unknown,1.0,1
86,NZ_JAGPXE010000011.1.region002,Others,BiG-SCAPE unknown,GCF_138,antiSMASH unknown,BiG-FAM match,ARTS2 unknown,1.0,1
87,NZ_JAGPXE010000011.1.region003,PKS-NRP_Hybrids,BiG-SCAPE unknown,GCF_84,antiSMASH unknown,BiG-FAM match,ARTS2 match,3.0,1
88,NZ_JAGPXE010000015.1.region001,Others,BiG-SCAPE unknown,GCF_36,antiSMASH unknown,BiG-FAM unknown,ARTS2 match,4.0,1
89,NZ_JAGPXE010000016.1.region001,Others,BiG-SCAPE unknown,GCF_1,antiSMASH known,BiG-FAM match,ARTS2 match,26.0,1
90,NZ_JAGPXE010000017.1.region001,Others,BiG-SCAPE unknown,GCF_43,antiSMASH unknown,BiG-FAM match,ARTS2 unknown,4.0,1
91,NZ_JAGPXE010000018.1.region001,Terpene,BiG-SCAPE unknown,GCF_320,antiSMASH unknown,BiG-FAM unknown,ARTS2 unknown,1.0,1
92,NZ_JAGPXE010000019.1.region001,Terpene,BiG-SCAPE unknown,GCF_316,antiSMASH unknown,BiG-FAM match,ARTS2 unknown,1.0,1
93,NZ_CP069353.1.region001,PKSother,BiG-SCAPE unknown,GCF_62,antiSMASH unknown,BiG-FAM match,ARTS2 match,4.0,1
94,NZ_CP069353.1.region002,Others,BiG-SCAPE unknown,GCF_1,antiSMASH known,BiG-FAM match,ARTS2 match,26.0,1
95,NZ_CP069353.1.region003,Others,BiG-SCAPE unknown,GCF_106,antiSMASH unknown,BiG-FAM match,ARTS2 unknown,2.0,1
96,NZ_CP069353.1.region004,PKSI,BiG-SCAPE known,GCF_9,antiSMASH known,BiG-FAM match,ARTS2 match,5.0,1
97,NZ_CP069353.1.region005,PKSother,BiG-SCAPE unknown,GCF_28,antiSMASH known,BiG-FAM match,ARTS2 match,5.0,1
98,NZ_CP069353.1.region006,NRPS,BiG-SCAPE unknown,GCF_3,antiSMASH unknown,BiG-FAM match,ARTS2 match,19.0,1
99,NZ_CP069353.1.region007,Others,BiG-SCAPE unknown,GCF_19,antiSMASH unknown,BiG-FAM unknown,ARTS2 unknown,5.0,1
100,NZ_CP069353.1.region008,Terpene,BiG-SCAPE unknown,GCF_2,antiSMASH unknown,BiG-FAM match,ARTS2 match,26.0,1
101,NZ_CP069353.1.region009,PKSI,BiG-SCAPE unknown,GCF_58,antiSMASH unknown,BiG-FAM match,ARTS2 unknown,4.0,1
102,NZ_CP069353.1.region010,Others,BiG-SCAPE unknown,GCF_20,antiSMASH unknown,BiG-FAM unknown,ARTS2 match,5.0,1
103,NZ_CP069353.1.region011,PKSI,BiG-SCAPE unknown,GCF_276,antiSMASH unknown,BiG-FAM match,ARTS2 unknown,1.0,1
104,NZ_CP069353.1.region012,PKS-NRP_Hybrids,BiG-SCAPE unknown,GCF_50,antiSMASH unknown,BiG-FAM match,ARTS2 unknown,4.0,1
105,NZ_CP069353.1.region013,NRPS,BiG-SCAPE unknown,GCF_54,antiSMASH unknown,BiG-FAM match,ARTS2 unknown,4.0,1
106,NZ_CP069353.1.region014,PKS-NRP_Hybrids,BiG-SCAPE unknown,GCF_25,antiSMASH unknown,BiG-FAM match,ARTS2 match,5.0,1
107,NZ_CP069353.1.region015,Others,BiG-SCAPE unknown,GCF_13,antiSMASH unknown,BiG-FAM match,ARTS2 unknown,5.0,1
108,NZ_CP069353.1.region016,Others,BiG-SCAPE unknown,GCF_17,antiSMASH known,BiG-FAM match,ARTS2 match,5.0,1
109,NZ_CP069353.1.region017,Terpene,BiG-SCAPE unknown,GCF_32,antiSMASH known,BiG-FAM unknown,ARTS2 unknown,5.0,1
110,NZ_CP069353.1.region018,NRPS,BiG-SCAPE unknown,GCF_26,antiSMASH unknown,BiG-FAM match,ARTS2 match,5.0,1
111,NZ_CP069353.1.region019,Terpene,BiG-SCAPE unknown,GCF_31,antiSMASH unknown,BiG-FAM match,ARTS2 unknown,5.0,1
112,NZ_CP069353.1.region020,Terpene,BiG-SCAPE unknown,GCF_4,antiSMASH unknown,BiG-FAM match,ARTS2 match,18.0,1
113,NZ_CP069353.1.region021,Terpene,BiG-SCAPE known,GCF_10,antiSMASH known,BiG-FAM match,ARTS2 unknown,5.0,1
114,NZ_CP069353.1.region022,Terpene,BiG-SCAPE unknown,GCF_34,antiSMASH known,BiG-FAM match,ARTS2 unknown,5.0,1
115,NZ_CP069353.1.region023,RiPPs,BiG-SCAPE unknown,GCF_23,antiSMASH unknown,BiG-FAM unknown,ARTS2 unknown,5.0,1
116,NZ_CP069353.1.region024,PKSI,BiG-SCAPE unknown,GCF_27,antiSMASH known,BiG-FAM match,ARTS2 unknown,5.0,1
117,NZ_CP069353.1.region025,RiPPs,BiG-SCAPE unknown,GCF_22,antiSMASH known,BiG-FAM match,ARTS2 match,5.0,1
118,NZ_CP069353.1.region026,Others,BiG-SCAPE unknown,GCF_42,antiSMASH unknown,BiG-FAM match,ARTS2 match,4.0,1
119,NZ_CP069353.1.region027,RiPPs,BiG-SCAPE unknown,GCF_49,antiSMASH unknown,BiG-FAM unknown,ARTS2 unknown,4.0,1
120,NZ_CP069353.1.region028,RiPPs,BiG-SCAPE unknown,GCF_24,antiSMASH unknown,BiG-FAM unknown,ARTS2 unknown,5.0,1
121,NZ_CP069353.1.region029,PKSother,BiG-SCAPE unknown,GCF_61,antiSMASH unknown,BiG-FAM match,ARTS2 match,4.0,1
122,NZ_CP069353.1.region030,PKSother,BiG-SCAPE unknown,GCF_59,antiSMASH unknown,BiG-FAM match,ARTS2 unknown,4.0,1
123,NZ_CP069353.1.region031,RiPPs,BiG-SCAPE unknown,GCF_21,antiSMASH unknown,BiG-FAM unknown,ARTS2 unknown,5.0,1
124,NZ_CP069353.1.region032,Terpene,BiG-SCAPE unknown,GCF_29,antiSMASH unknown,BiG-FAM unknown,ARTS2 unknown,5.0,1
125,NZ_CP069353.1.region033,Others,BiG-SCAPE unknown,GCF_38,antiSMASH unknown,BiG-FAM match,ARTS2 unknown,4.0,1
126,NZ_CP069353.1.region034,RiPPs,BiG-SCAPE unknown,GCF_46,antiSMASH unknown,BiG-FAM match,ARTS2 unknown,4.0,1
127,NZ_CP069353.1.region035,PKSother,BiG-SCAPE unknown,GCF_60,antiSMASH unknown,BiG-FAM match,ARTS2 match,4.0,1
128,NZ_CP069353.1.region036,PKSI,BiG-SCAPE unknown,GCF_57,antiSMASH unknown,BiG-FAM match,ARTS2 match,4.0,1
129,NZ_CP069353.1.region037,Others,BiG-SCAPE unknown,GCF_14,antiSMASH unknown,BiG-FAM match,ARTS2 unknown,5.0,1
130,NZ_CP069353.1.region038,Others,BiG-SCAPE unknown,GCF_12,antiSMASH unknown,BiG-FAM match,ARTS2 match,5.0,1
131,NZ_CP069353.1.region039,Terpene,BiG-SCAPE unknown,GCF_66,antiSMASH unknown,BiG-FAM match,ARTS2 unknown,4.0,1
132,NZ_CP054839.1.region001,Others,BiG-SCAPE unknown,GCF_163,antiSMASH unknown,BiG-FAM match,ARTS2 match,1.0,1
133,NZ_CP054839.1.region002,Others,BiG-SCAPE unknown,GCF_1,antiSMASH known,BiG-FAM match,ARTS2 match,26.0,1
134,NZ_CP054839.1.region003,PKSI,BiG-SCAPE known,GCF_9,antiSMASH known,BiG-FAM match,ARTS2 match,5.0,1
135,NZ_CP054839.1.region004,PKSother,BiG-SCAPE unknown,GCF_28,antiSMASH known,BiG-FAM match,ARTS2 match,5.0,1
136,NZ_CP054839.1.region005,NRPS,BiG-SCAPE unknown,GCF_3,antiSMASH unknown,BiG-FAM match,ARTS2 match,19.0,1
137,NZ_CP054839.1.region006,Others,BiG-SCAPE unknown,GCF_14,antiSMASH unknown,BiG-FAM match,ARTS2 unknown,5.0,1
138,NZ_CP054839.1.region007,RiPPs,BiG-SCAPE unknown,GCF_216,antiSMASH unknown,BiG-FAM unknown,ARTS2 match,1.0,1
139,NZ_CP054839.1.region008,Others,BiG-SCAPE unknown,GCF_19,antiSMASH unknown,BiG-FAM unknown,ARTS2 unknown,5.0,1
140,NZ_CP054839.1.region009,Terpene,BiG-SCAPE unknown,GCF_2,antiSMASH unknown,BiG-FAM match,ARTS2 match,26.0,1
141,NZ_CP054839.1.region010,Others,BiG-SCAPE unknown,GCF_147,antiSMASH unknown,BiG-FAM unknown,ARTS2 match,1.0,1
142,NZ_CP054839.1.region011,PKSother,BiG-SCAPE unknown,GCF_283,antiSMASH unknown,BiG-FAM unknown,ARTS2 match,1.0,1
143,NZ_CP054839.1.region012,Others,BiG-SCAPE unknown,GCF_176,antiSMASH unknown,BiG-FAM unknown,ARTS2 unknown,1.0,1
144,NZ_CP054839.1.region013,Others,BiG-SCAPE unknown,GCF_139,antiSMASH unknown,BiG-FAM unknown,ARTS2 unknown,1.0,1
145,NZ_CP054839.1.region014,RiPPs,BiG-SCAPE unknown,GCF_24,antiSMASH unknown,BiG-FAM unknown,ARTS2 unknown,5.0,1
146,NZ_CP054839.1.region015,RiPPs,BiG-SCAPE unknown,GCF_204,antiSMASH unknown,BiG-FAM unknown,ARTS2 unknown,1.0,1
147,NZ_CP054839.1.region016,Terpene,BiG-SCAPE unknown,GCF_305,antiSMASH unknown,BiG-FAM unknown,ARTS2 unknown,1.0,1
148,NZ_CP054839.1.region017,NRPS,BiG-SCAPE unknown,GCF_245,antiSMASH unknown,BiG-FAM unknown,ARTS2 match,1.0,1
149,NZ_CP054839.1.region018,RiPPs,BiG-SCAPE unknown,GCF_22,antiSMASH known,BiG-FAM match,ARTS2 match,5.0,1
150,NZ_CP054839.1.region019,PKSI,BiG-SCAPE unknown,GCF_27,antiSMASH known,BiG-FAM match,ARTS2 unknown,5.0,1
151,NZ_CP054839.1.region020,RiPPs,BiG-SCAPE unknown,GCF_23,antiSMASH unknown,BiG-FAM unknown,ARTS2 unknown,5.0,1
152,NZ_CP054839.1.region021,Terpene,BiG-SCAPE unknown,GCF_34,antiSMASH known,BiG-FAM match,ARTS2 unknown,5.0,1
153,NZ_CP054839.1.region022,Terpene,BiG-SCAPE known,GCF_10,antiSMASH known,BiG-FAM match,ARTS2 unknown,5.0,1
154,NZ_CP054839.1.region023,Terpene,BiG-SCAPE unknown,GCF_4,antiSMASH unknown,BiG-FAM match,ARTS2 match,18.0,1
155,NZ_CP054839.1.region024,Terpene,BiG-SCAPE unknown,GCF_31,antiSMASH unknown,BiG-FAM match,ARTS2 unknown,5.0,1
156,NZ_CP054839.1.region025,NRPS,BiG-SCAPE unknown,GCF_26,antiSMASH unknown,BiG-FAM match,ARTS2 match,5.0,1
157,NZ_CP054839.1.region026,Terpene,BiG-SCAPE unknown,GCF_32,antiSMASH known,BiG-FAM unknown,ARTS2 unknown,5.0,1
158,NZ_CP054839.1.region027,Others,BiG-SCAPE unknown,GCF_17,antiSMASH known,BiG-FAM match,ARTS2 match,5.0,1
159,NZ_CP054839.1.region028,Others,BiG-SCAPE unknown,GCF_13,antiSMASH unknown,BiG-FAM match,ARTS2 unknown,5.0,1
160,NZ_CP054839.1.region029,PKS-NRP_Hybrids,BiG-SCAPE unknown,GCF_25,antiSMASH unknown,BiG-FAM match,ARTS2 match,5.0,1
161,NZ_CP054839.1.region030,PKSother,BiG-SCAPE unknown,GCF_284,antiSMASH unknown,BiG-FAM match,ARTS2 unknown,1.0,1
162,NZ_CP054839.1.region031,RiPPs,BiG-SCAPE unknown,GCF_21,antiSMASH unknown,BiG-FAM unknown,ARTS2 unknown,5.0,1
163,NZ_CP054839.1.region032,Terpene,BiG-SCAPE unknown,GCF_29,antiSMASH unknown,BiG-FAM unknown,ARTS2 unknown,5.0,1
164,NZ_CP054839.1.region033,Others,BiG-SCAPE unknown,GCF_20,antiSMASH unknown,BiG-FAM unknown,ARTS2 match,5.0,1
165,NZ_CP054839.1.region034,Terpene,BiG-SCAPE unknown,GCF_303,antiSMASH known,BiG-FAM unknown,ARTS2 match,1.0,1
166,NZ_CP054839.1.region035,Others,BiG-SCAPE unknown,GCF_12,antiSMASH unknown,BiG-FAM match,ARTS2 match,5.0,1
167,NZ_CP054839.1.region036,Others,BiG-SCAPE unknown,GCF_180,antiSMASH unknown,BiG-FAM match,ARTS2 match,1.0,1
168,NZ_JABNNH010000001.1.region001,NRPS,BiG-SCAPE unknown,GCF_3,antiSMASH unknown,BiG-FAM match,ARTS2 match,19.0,1
169,NZ_JABNNH010000001.1.region002,Others,BiG-SCAPE unknown,GCF_19,antiSMASH unknown,BiG-FAM unknown,ARTS2 unknown,5.0,1
170,NZ_JABNNH010000001.1.region003,Terpene,BiG-SCAPE unknown,GCF_2,antiSMASH unknown,BiG-FAM match,ARTS2 match,26.0,1
171,NZ_JABNNH010000001.1.region004,PKSI,BiG-SCAPE unknown,GCF_58,antiSMASH unknown,BiG-FAM match,ARTS2 unknown,4.0,1
172,NZ_JABNNH010000001.1.region005,Others,BiG-SCAPE unknown,GCF_20,antiSMASH unknown,BiG-FAM unknown,ARTS2 match,5.0,1
173,NZ_JABNNH010000001.1.region006,PKS-NRP_Hybrids,BiG-SCAPE unknown,GCF_50,antiSMASH unknown,BiG-FAM match,ARTS2 unknown,4.0,1
174,NZ_JABNNH010000001.1.region007,NRPS,BiG-SCAPE unknown,GCF_54,antiSMASH unknown,BiG-FAM match,ARTS2 unknown,4.0,1
175,NZ_JABNNH010000001.1.region008,PKS-NRP_Hybrids,BiG-SCAPE unknown,GCF_25,antiSMASH unknown,BiG-FAM match,ARTS2 match,5.0,1
176,NZ_JABNNH010000001.1.region009,Others,BiG-SCAPE unknown,GCF_13,antiSMASH unknown,BiG-FAM match,ARTS2 unknown,5.0,1
177,NZ_JABNNH010000001.1.region010,Others,BiG-SCAPE unknown,GCF_17,antiSMASH known,BiG-FAM match,ARTS2 match,5.0,1
178,NZ_JABNNH010000001.1.region011,Terpene,BiG-SCAPE unknown,GCF_32,antiSMASH known,BiG-FAM unknown,ARTS2 unknown,5.0,1
179,NZ_JABNNH010000001.1.region012,NRPS,BiG-SCAPE unknown,GCF_26,antiSMASH unknown,BiG-FAM match,ARTS2 match,5.0,1
180,NZ_JABNNH010000001.1.region013,Terpene,BiG-SCAPE unknown,GCF_31,antiSMASH unknown,BiG-FAM match,ARTS2 unknown,5.0,1
181,NZ_JABNNH010000001.1.region014,Terpene,BiG-SCAPE unknown,GCF_4,antiSMASH unknown,BiG-FAM match,ARTS2 match,18.0,1
182,NZ_JABNNH010000001.1.region015,Terpene,BiG-SCAPE known,GCF_10,antiSMASH known,BiG-FAM match,ARTS2 unknown,5.0,1
183,NZ_JABNNH010000001.1.region016,Terpene,BiG-SCAPE unknown,GCF_34,antiSMASH known,BiG-FAM match,ARTS2 unknown,5.0,1
184,NZ_JABNNH010000001.1.region017,PKSI,BiG-SCAPE unknown,GCF_265,antiSMASH unknown,BiG-FAM unknown,ARTS2 unknown,1.0,1
185,NZ_JABNNH010000001.1.region018,RiPPs,BiG-SCAPE unknown,GCF_23,antiSMASH unknown,BiG-FAM unknown,ARTS2 unknown,5.0,1
186,NZ_JABNNH010000001.1.region019,PKSI,BiG-SCAPE unknown,GCF_27,antiSMASH known,BiG-FAM match,ARTS2 unknown,5.0,1
187,NZ_JABNNH010000001.1.region020,RiPPs,BiG-SCAPE unknown,GCF_22,antiSMASH known,BiG-FAM match,ARTS2 match,5.0,1
188,NZ_JABNNH010000001.1.region021,Others,BiG-SCAPE unknown,GCF_42,antiSMASH unknown,BiG-FAM match,ARTS2 match,4.0,1
189,NZ_JABNNH010000001.1.region022,RiPPs,BiG-SCAPE unknown,GCF_49,antiSMASH unknown,BiG-FAM unknown,ARTS2 unknown,4.0,1
190,NZ_JABNNH010000001.1.region023,RiPPs,BiG-SCAPE unknown,GCF_24,antiSMASH unknown,BiG-FAM unknown,ARTS2 unknown,5.0,1
191,NZ_JABNNH010000001.1.region024,PKSother,BiG-SCAPE unknown,GCF_61,antiSMASH unknown,BiG-FAM match,ARTS2 match,4.0,1
192,NZ_JABNNH010000001.1.region025,PKSother,BiG-SCAPE unknown,GCF_59,antiSMASH unknown,BiG-FAM match,ARTS2 unknown,4.0,1
193,NZ_JABNNH010000001.1.region026,RiPPs,BiG-SCAPE unknown,GCF_21,antiSMASH unknown,BiG-FAM unknown,ARTS2 unknown,5.0,1
194,NZ_JABNNH010000001.1.region027,Terpene,BiG-SCAPE unknown,GCF_29,antiSMASH unknown,BiG-FAM unknown,ARTS2 unknown,5.0,1
195,NZ_JABNNH010000001.1.region028,Others,BiG-SCAPE unknown,GCF_38,antiSMASH unknown,BiG-FAM match,ARTS2 unknown,4.0,1
196,NZ_JABNNH010000001.1.region029,RiPPs,BiG-SCAPE unknown,GCF_46,antiSMASH unknown,BiG-FAM match,ARTS2 unknown,4.0,1
197,NZ_JABNNH010000001.1.region030,PKSother,BiG-SCAPE unknown,GCF_60,antiSMASH unknown,BiG-FAM match,ARTS2 match,4.0,1
198,NZ_JABNNH010000001.1.region031,PKSI,BiG-SCAPE unknown,GCF_57,antiSMASH unknown,BiG-FAM match,ARTS2 match,4.0,1
199,NZ_JABNNH010000001.1.region032,Others,BiG-SCAPE unknown,GCF_14,antiSMASH unknown,BiG-FAM match,ARTS2 unknown,5.0,1
200,NZ_JABNNH010000001.1.region033,Others,BiG-SCAPE unknown,GCF_12,antiSMASH unknown,BiG-FAM match,ARTS2 match,5.0,1
201,NZ_JABNNH010000001.1.region034,Terpene,BiG-SCAPE unknown,GCF_66,antiSMASH unknown,BiG-FAM match,ARTS2 unknown,4.0,1
202,NZ_JABNNH010000002.1.region001,PKSother,BiG-SCAPE unknown,GCF_28,antiSMASH known,BiG-FAM match,ARTS2 match,5.0,1
203,NZ_JABNNH010000002.1.region002,PKSI,BiG-SCAPE known,GCF_9,antiSMASH known,BiG-FAM match,ARTS2 match,5.0,1
204,NZ_JABNNH010000002.1.region003,Others,BiG-SCAPE unknown,GCF_1,antiSMASH known,BiG-FAM match,ARTS2 match,26.0,1
205,NZ_JABNNH010000002.1.region004,PKSother,BiG-SCAPE unknown,GCF_62,antiSMASH unknown,BiG-FAM match,ARTS2 match,4.0,1
206,NC_009142.1.region001,PKSother,BiG-SCAPE unknown,GCF_62,antiSMASH unknown,BiG-FAM match,ARTS2 match,4.0,1
207,NC_009142.1.region002,Others,BiG-SCAPE unknown,GCF_1,antiSMASH known,BiG-FAM match,ARTS2 match,26.0,1
208,NC_009142.1.region003,Others,BiG-SCAPE unknown,GCF_106,antiSMASH unknown,BiG-FAM match,ARTS2 unknown,2.0,1
209,NC_009142.1.region004,PKSI,BiG-SCAPE known,GCF_9,antiSMASH known,BiG-FAM match,ARTS2 match,5.0,1
210,NC_009142.1.region005,PKSother,BiG-SCAPE unknown,GCF_28,antiSMASH known,BiG-FAM match,ARTS2 match,5.0,1
211,NC_009142.1.region006,NRPS,BiG-SCAPE unknown,GCF_3,antiSMASH unknown,BiG-FAM match,ARTS2 match,19.0,1
212,NC_009142.1.region007,Others,BiG-SCAPE unknown,GCF_19,antiSMASH unknown,BiG-FAM unknown,ARTS2 unknown,5.0,1
213,NC_009142.1.region008,Terpene,BiG-SCAPE unknown,GCF_2,antiSMASH unknown,BiG-FAM match,ARTS2 match,26.0,1
214,NC_009142.1.region009,PKSI,BiG-SCAPE unknown,GCF_58,antiSMASH unknown,BiG-FAM match,ARTS2 unknown,4.0,1
215,NC_009142.1.region010,Others,BiG-SCAPE unknown,GCF_20,antiSMASH unknown,BiG-FAM unknown,ARTS2 match,5.0,1
216,NC_009142.1.region011,PKS-NRP_Hybrids,BiG-SCAPE unknown,GCF_50,antiSMASH unknown,BiG-FAM match,ARTS2 unknown,4.0,1
217,NC_009142.1.region012,NRPS,BiG-SCAPE unknown,GCF_54,antiSMASH unknown,BiG-FAM match,ARTS2 unknown,4.0,1
218,NC_009142.1.region013,PKS-NRP_Hybrids,BiG-SCAPE unknown,GCF_25,antiSMASH unknown,BiG-FAM match,ARTS2 match,5.0,1
219,NC_009142.1.region014,Others,BiG-SCAPE unknown,GCF_13,antiSMASH unknown,BiG-FAM match,ARTS2 unknown,5.0,1
220,NC_009142.1.region015,Others,BiG-SCAPE unknown,GCF_17,antiSMASH known,BiG-FAM match,ARTS2 match,5.0,1
221,NC_009142.1.region016,Terpene,BiG-SCAPE unknown,GCF_32,antiSMASH known,BiG-FAM unknown,ARTS2 unknown,5.0,1
222,NC_009142.1.region017,NRPS,BiG-SCAPE unknown,GCF_26,antiSMASH unknown,BiG-FAM match,ARTS2 match,5.0,1
223,NC_009142.1.region018,Terpene,BiG-SCAPE unknown,GCF_31,antiSMASH unknown,BiG-FAM match,ARTS2 unknown,5.0,1
224,NC_009142.1.region019,Terpene,BiG-SCAPE unknown,GCF_4,antiSMASH unknown,BiG-FAM match,ARTS2 match,18.0,1
225,NC_009142.1.region020,Terpene,BiG-SCAPE known,GCF_10,antiSMASH known,BiG-FAM match,ARTS2 unknown,5.0,1
226,NC_009142.1.region021,Terpene,BiG-SCAPE unknown,GCF_34,antiSMASH known,BiG-FAM match,ARTS2 unknown,5.0,1
227,NC_009142.1.region022,RiPPs,BiG-SCAPE unknown,GCF_23,antiSMASH unknown,BiG-FAM unknown,ARTS2 unknown,5.0,1
228,NC_009142.1.region023,PKSI,BiG-SCAPE unknown,GCF_27,antiSMASH known,BiG-FAM match,ARTS2 unknown,5.0,1
229,NC_009142.1.region024,RiPPs,BiG-SCAPE unknown,GCF_22,antiSMASH known,BiG-FAM match,ARTS2 match,5.0,1
230,NC_009142.1.region025,Others,BiG-SCAPE unknown,GCF_42,antiSMASH unknown,BiG-FAM match,ARTS2 match,4.0,1
231,NC_009142.1.region026,RiPPs,BiG-SCAPE unknown,GCF_49,antiSMASH unknown,BiG-FAM unknown,ARTS2 unknown,4.0,1
232,NC_009142.1.region027,RiPPs,BiG-SCAPE unknown,GCF_24,antiSMASH unknown,BiG-FAM unknown,ARTS2 unknown,5.0,1
233,NC_009142.1.region028,PKSother,BiG-SCAPE unknown,GCF_61,antiSMASH unknown,BiG-FAM match,ARTS2 match,4.0,1
234,NC_009142.1.region029,PKSother,BiG-SCAPE unknown,GCF_59,antiSMASH unknown,BiG-FAM match,ARTS2 unknown,4.0,1
235,NC_009142.1.region030,RiPPs,BiG-SCAPE unknown,GCF_21,antiSMASH unknown,BiG-FAM unknown,ARTS2 unknown,5.0,1
236,NC_009142.1.region031,Terpene,BiG-SCAPE unknown,GCF_29,antiSMASH unknown,BiG-FAM unknown,ARTS2 unknown,5.0,1
237,NC_009142.1.region032,Others,BiG-SCAPE unknown,GCF_38,antiSMASH unknown,BiG-FAM match,ARTS2 unknown,4.0,1
238,NC_009142.1.region033,RiPPs,BiG-SCAPE unknown,GCF_46,antiSMASH unknown,BiG-FAM match,ARTS2 unknown,4.0,1
239,NC_009142.1.region034,PKSother,BiG-SCAPE unknown,GCF_60,antiSMASH unknown,BiG-FAM match,ARTS2 match,4.0,1
240,NC_009142.1.region035,PKSI,BiG-SCAPE unknown,GCF_57,antiSMASH unknown,BiG-FAM match,ARTS2 match,4.0,1
241,NC_009142.1.region036,Others,BiG-SCAPE unknown,GCF_14,antiSMASH unknown,BiG-FAM match,ARTS2 unknown,5.0,1
242,NC_009142.1.region037,Others,BiG-SCAPE unknown,GCF_12,antiSMASH unknown,BiG-FAM match,ARTS2 match,5.0,1
243,NC_009142.1.region038,Terpene,BiG-SCAPE unknown,GCF_66,antiSMASH unknown,BiG-FAM match,ARTS2 unknown,4.0,1
244,NZ_PDBV01000001.1.region001,PKSother,BiG-SCAPE unknown,GCF_62,antiSMASH unknown,BiG-FAM match,ARTS2 match,4.0,1
245,NZ_PDBV01000001.1.region002,Others,BiG-SCAPE unknown,GCF_1,antiSMASH known,BiG-FAM match,ARTS2 match,26.0,1
246,NZ_PDBV01000001.1.region003,PKSI,BiG-SCAPE known,GCF_9,antiSMASH known,BiG-FAM match,ARTS2 match,5.0,1
247,NZ_PDBV01000001.1.region004,PKSother,BiG-SCAPE unknown,GCF_28,antiSMASH known,BiG-FAM match,ARTS2 match,5.0,1
248,NZ_PDBV01000001.1.region005,NRPS,BiG-SCAPE unknown,GCF_3,antiSMASH unknown,BiG-FAM match,ARTS2 match,19.0,1
249,NZ_PDBV01000001.1.region006,Others,BiG-SCAPE unknown,GCF_19,antiSMASH unknown,BiG-FAM unknown,ARTS2 unknown,5.0,1
250,NZ_PDBV01000001.1.region007,Terpene,BiG-SCAPE unknown,GCF_2,antiSMASH unknown,BiG-FAM match,ARTS2 match,26.0,1
251,NZ_PDBV01000001.1.region008,PKSI,BiG-SCAPE unknown,GCF_58,antiSMASH unknown,BiG-FAM match,ARTS2 unknown,4.0,1
252,NZ_PDBV01000001.1.region009,Others,BiG-SCAPE unknown,GCF_20,antiSMASH unknown,BiG-FAM unknown,ARTS2 match,5.0,1
253,NZ_PDBV01000001.1.region010,PKS-NRP_Hybrids,BiG-SCAPE unknown,GCF_50,antiSMASH unknown,BiG-FAM match,ARTS2 unknown,4.0,1
254,NZ_PDBV01000001.1.region011,NRPS,BiG-SCAPE unknown,GCF_54,antiSMASH unknown,BiG-FAM match,ARTS2 unknown,4.0,1
255,NZ_PDBV01000001.1.region012,PKS-NRP_Hybrids,BiG-SCAPE unknown,GCF_25,antiSMASH unknown,BiG-FAM match,ARTS2 match,5.0,1
256,NZ_PDBV01000001.1.region013,Others,BiG-SCAPE unknown,GCF_13,antiSMASH unknown,BiG-FAM match,ARTS2 unknown,5.0,1
257,NZ_PDBV01000001.1.region014,Others,BiG-SCAPE unknown,GCF_17,antiSMASH known,BiG-FAM match,ARTS2 match,5.0,1
258,NZ_PDBV01000001.1.region015,Terpene,BiG-SCAPE unknown,GCF_32,antiSMASH known,BiG-FAM unknown,ARTS2 unknown,5.0,1
259,NZ_PDBV01000001.1.region016,NRPS,BiG-SCAPE unknown,GCF_26,antiSMASH unknown,BiG-FAM match,ARTS2 match,5.0,1
260,NZ_PDBV01000001.1.region017,Terpene,BiG-SCAPE unknown,GCF_31,antiSMASH unknown,BiG-FAM match,ARTS2 unknown,5.0,1
261,NZ_PDBV01000001.1.region018,Terpene,BiG-SCAPE unknown,GCF_4,antiSMASH unknown,BiG-FAM match,ARTS2 match,18.0,1
262,NZ_PDBV01000001.1.region019,Terpene,BiG-SCAPE known,GCF_10,antiSMASH known,BiG-FAM match,ARTS2 unknown,5.0,1
263,NZ_PDBV01000001.1.region020,Terpene,BiG-SCAPE unknown,GCF_34,antiSMASH known,BiG-FAM match,ARTS2 unknown,5.0,1
264,NZ_PDBV01000001.1.region021,RiPPs,BiG-SCAPE unknown,GCF_23,antiSMASH unknown,BiG-FAM unknown,ARTS2 unknown,5.0,1
265,NZ_PDBV01000001.1.region022,PKSI,BiG-SCAPE unknown,GCF_27,antiSMASH known,BiG-FAM match,ARTS2 unknown,5.0,1
266,NZ_PDBV01000001.1.region023,RiPPs,BiG-SCAPE unknown,GCF_22,antiSMASH known,BiG-FAM match,ARTS2 match,5.0,1
267,NZ_PDBV01000001.1.region024,Others,BiG-SCAPE unknown,GCF_42,antiSMASH unknown,BiG-FAM match,ARTS2 match,4.0,1
268,NZ_PDBV01000001.1.region025,RiPPs,BiG-SCAPE unknown,GCF_49,antiSMASH unknown,BiG-FAM unknown,ARTS2 unknown,4.0,1
269,NZ_PDBV01000001.1.region026,RiPPs,BiG-SCAPE unknown,GCF_24,antiSMASH unknown,BiG-FAM unknown,ARTS2 unknown,5.0,1
270,NZ_PDBV01000001.1.region027,PKSother,BiG-SCAPE unknown,GCF_61,antiSMASH unknown,BiG-FAM match,ARTS2 match,4.0,1
271,NZ_PDBV01000001.1.region028,PKSother,BiG-SCAPE unknown,GCF_59,antiSMASH unknown,BiG-FAM match,ARTS2 unknown,4.0,1
272,NZ_PDBV01000001.1.region029,RiPPs,BiG-SCAPE unknown,GCF_21,antiSMASH unknown,BiG-FAM unknown,ARTS2 unknown,5.0,1
273,NZ_PDBV01000001.1.region030,Terpene,BiG-SCAPE unknown,GCF_29,antiSMASH unknown,BiG-FAM unknown,ARTS2 unknown,5.0,1
274,NZ_PDBV01000001.1.region031,Others,BiG-SCAPE unknown,GCF_38,antiSMASH unknown,BiG-FAM match,ARTS2 unknown,4.0,1
275,NZ_PDBV01000001.1.region032,RiPPs,BiG-SCAPE unknown,GCF_46,antiSMASH unknown,BiG-FAM match,ARTS2 unknown,4.0,1
276,NZ_PDBV01000001.1.region033,PKSother,BiG-SCAPE unknown,GCF_60,antiSMASH unknown,BiG-FAM match,ARTS2 match,4.0,1
277,NZ_PDBV01000001.1.region034,PKSI,BiG-SCAPE unknown,GCF_57,antiSMASH unknown,BiG-FAM match,ARTS2 match,4.0,1
278,NZ_PDBV01000001.1.region035,Others,BiG-SCAPE unknown,GCF_14,antiSMASH unknown,BiG-FAM match,ARTS2 unknown,5.0,1
279,NZ_PDBV01000001.1.region036,Others,BiG-SCAPE unknown,GCF_12,antiSMASH unknown,BiG-FAM match,ARTS2 match,5.0,1
280,NZ_PDBV01000001.1.region037,Terpene,BiG-SCAPE unknown,GCF_66,antiSMASH unknown,BiG-FAM match,ARTS2 unknown,4.0,1
281,NZ_FOZX01000001.1.region001,Others,BiG-SCAPE unknown,GCF_178,antiSMASH unknown,BiG-FAM unknown,ARTS2 match,1.0,1
282,NZ_FOZX01000001.1.region002,PKS-NRP_Hybrids,BiG-SCAPE known,GCF_8,antiSMASH known,BiG-FAM match,ARTS2 match,3.0,1
283,NZ_FOZX01000002.1.region001,Others,BiG-SCAPE unknown,GCF_1,antiSMASH known,BiG-FAM match,ARTS2 match,26.0,1
284,NZ_FOZX01000003.1.region001,PKS-NRP_Hybrids,BiG-SCAPE unknown,GCF_231,antiSMASH unknown,BiG-FAM match,ARTS2 match,1.0,1
285,NZ_FOZX01000003.1.region002,RiPPs,BiG-SCAPE unknown,GCF_81,antiSMASH unknown,BiG-FAM match,ARTS2 match,3.0,1
286,NZ_FOZX01000003.1.region003,Others,BiG-SCAPE unknown,GCF_103,antiSMASH unknown,BiG-FAM match,ARTS2 unknown,2.0,1
287,NZ_FOZX01000004.1.region001,Terpene,BiG-SCAPE unknown,GCF_2,antiSMASH unknown,BiG-FAM match,ARTS2 match,26.0,1
288,NZ_FOZX01000004.1.region002,RiPPs,BiG-SCAPE unknown,GCF_45,antiSMASH unknown,BiG-FAM unknown,ARTS2 match,4.0,1
289,NZ_FOZX01000004.1.region003,Others,BiG-SCAPE unknown,GCF_36,antiSMASH unknown,BiG-FAM unknown,ARTS2 match,4.0,1
290,NZ_FOZX01000004.1.region004,NRPS,BiG-SCAPE unknown,GCF_257,antiSMASH unknown,BiG-FAM match,ARTS2 match,1.0,1
291,NZ_FOZX01000005.1.region001,Terpene,BiG-SCAPE unknown,GCF_68,antiSMASH unknown,BiG-FAM match,ARTS2 unknown,4.0,1
292,NZ_FOZX01000007.1.region001,PKS-NRP_Hybrids,BiG-SCAPE unknown,GCF_84,antiSMASH unknown,BiG-FAM match,ARTS2 match,3.0,1
293,NZ_FOZX01000009.1.region001,Others,BiG-SCAPE unknown,GCF_43,antiSMASH unknown,BiG-FAM match,ARTS2 unknown,4.0,1
294,NZ_FOZX01000010.1.region001,Terpene,BiG-SCAPE unknown,GCF_121,antiSMASH unknown,BiG-FAM match,ARTS2 unknown,2.0,1
295,NZ_FOZX01000011.1.region001,Terpene,BiG-SCAPE unknown,GCF_69,antiSMASH known,BiG-FAM match,ARTS2 match,4.0,1
296,NZ_FOZX01000011.1.region002,Terpene,BiG-SCAPE unknown,GCF_67,antiSMASH unknown,BiG-FAM match,ARTS2 unknown,4.0,1
297,NZ_FOZX01000015.1.region001,Terpene,BiG-SCAPE unknown,GCF_304,antiSMASH unknown,BiG-FAM unknown,ARTS2 unknown,1.0,1
298,NZ_FOZX01000016.1.region001,NRPS,BiG-SCAPE unknown,GCF_3,antiSMASH unknown,BiG-FAM match,ARTS2 match,19.0,1
299,NZ_FOZX01000017.1.region001,PKSother,BiG-SCAPE unknown,GCF_298,antiSMASH known,BiG-FAM match,ARTS2 unknown,1.0,1
300,NZ_JACHIV010000001.1.region001,Others,BiG-SCAPE unknown,GCF_130,antiSMASH unknown,BiG-FAM unknown,ARTS2 match,1.0,1
301,NZ_JACHIV010000001.1.region002,Terpene,BiG-SCAPE unknown,GCF_122,antiSMASH unknown,BiG-FAM match,ARTS2 match,2.0,1
302,NZ_JACHIV010000001.1.region003,NRPS,BiG-SCAPE unknown,GCF_55,antiSMASH unknown,BiG-FAM unknown,ARTS2 match,4.0,1
303,NZ_JACHIV010000001.1.region004,Others,BiG-SCAPE unknown,GCF_99,antiSMASH unknown,BiG-FAM match,ARTS2 unknown,2.0,1
304,NZ_JACHIV010000001.1.region005,Terpene,BiG-SCAPE unknown,GCF_2,antiSMASH unknown,BiG-FAM match,ARTS2 match,26.0,1
305,NZ_JACHIV010000001.1.region006,Others,BiG-SCAPE unknown,GCF_71,antiSMASH unknown,BiG-FAM unknown,ARTS2 unknown,3.0,1
306,NZ_JACHIV010000001.1.region007,RiPPs,BiG-SCAPE unknown,GCF_224,antiSMASH unknown,BiG-FAM unknown,ARTS2 match,1.0,1
307,NZ_JACHIV010000001.1.region008,Others,BiG-SCAPE unknown,GCF_80,antiSMASH unknown,BiG-FAM unknown,ARTS2 match,3.0,1
308,NZ_JACHIV010000001.1.region009,Others,BiG-SCAPE unknown,GCF_100,antiSMASH known,BiG-FAM unknown,ARTS2 match,2.0,1
309,NZ_JACHIV010000001.1.region010,Terpene,BiG-SCAPE unknown,GCF_321,antiSMASH known,BiG-FAM match,ARTS2 unknown,1.0,1
310,NZ_JACHIV010000001.1.region011,Terpene,BiG-SCAPE unknown,GCF_96,antiSMASH unknown,BiG-FAM unknown,ARTS2 unknown,3.0,1
311,NZ_JACHIV010000001.1.region012,NRPS,BiG-SCAPE unknown,GCF_86,antiSMASH unknown,BiG-FAM unknown,ARTS2 match,3.0,1
312,NZ_JACHIV010000001.1.region013,Others,BiG-SCAPE unknown,GCF_72,antiSMASH unknown,BiG-FAM match,ARTS2 unknown,3.0,1
313,NZ_JACHIV010000001.1.region014,Terpene,BiG-SCAPE unknown,GCF_65,antiSMASH unknown,BiG-FAM unknown,ARTS2 unknown,4.0,1
314,NZ_JACHIV010000001.1.region015,PKSother,BiG-SCAPE unknown,GCF_299,antiSMASH unknown,BiG-FAM unknown,ARTS2 unknown,1.0,1
315,NZ_JACHIV010000001.1.region016,Others,BiG-SCAPE unknown,GCF_127,antiSMASH unknown,BiG-FAM unknown,ARTS2 unknown,1.0,1
316,NZ_JACHIV010000001.1.region017,Others,BiG-SCAPE unknown,GCF_153,antiSMASH unknown,BiG-FAM match,ARTS2 unknown,1.0,1
317,NZ_JACHIV010000001.1.region018,NRPS,BiG-SCAPE unknown,GCF_255,antiSMASH unknown,BiG-FAM unknown,ARTS2 match,1.0,1
318,NZ_JACHIV010000001.1.region019,PKSI,BiG-SCAPE unknown,GCF_115,antiSMASH unknown,BiG-FAM unknown,ARTS2 match,2.0,1
319,NZ_JACHIV010000001.1.region020,PKSI,BiG-SCAPE unknown,GCF_90,antiSMASH unknown,BiG-FAM unknown,ARTS2 match,3.0,1
320,NZ_JACHIV010000001.1.region021,RiPPs,BiG-SCAPE unknown,GCF_219,antiSMASH unknown,BiG-FAM unknown,ARTS2 match,1.0,1
321,NZ_JACHIV010000001.1.region022,RiPPs,BiG-SCAPE unknown,GCF_47,antiSMASH known,BiG-FAM unknown,ARTS2 match,4.0,1
322,NZ_JACHIV010000001.1.region023,Others,BiG-SCAPE unknown,GCF_1,antiSMASH known,BiG-FAM match,ARTS2 match,26.0,1
323,NZ_CP059557.1.region001,Others,BiG-SCAPE unknown,GCF_1,antiSMASH known,BiG-FAM match,ARTS2 match,26.0,1
324,NZ_CP059557.1.region002,RiPPs,BiG-SCAPE unknown,GCF_47,antiSMASH known,BiG-FAM unknown,ARTS2 match,4.0,1
325,NZ_CP059557.1.region003,PKSI,BiG-SCAPE unknown,GCF_90,antiSMASH unknown,BiG-FAM unknown,ARTS2 match,3.0,1
326,NZ_CP059557.1.region004,PKSI,BiG-SCAPE unknown,GCF_115,antiSMASH unknown,BiG-FAM unknown,ARTS2 match,2.0,1
327,NZ_CP059557.1.region005,Others,BiG-SCAPE unknown,GCF_170,antiSMASH unknown,BiG-FAM unknown,ARTS2 unknown,1.0,1
328,NZ_CP059557.1.region006,PKSother,BiG-SCAPE unknown,GCF_288,antiSMASH unknown,BiG-FAM unknown,ARTS2 unknown,1.0,1
329,NZ_CP059557.1.region007,PKS-NRP_Hybrids,BiG-SCAPE unknown,GCF_232,antiSMASH unknown,BiG-FAM unknown,ARTS2 unknown,1.0,1
330,NZ_CP059557.1.region008,Others,BiG-SCAPE unknown,GCF_161,antiSMASH unknown,BiG-FAM unknown,ARTS2 unknown,1.0,1
331,NZ_CP059557.1.region009,Saccharides,BiG-SCAPE unknown,GCF_197,antiSMASH unknown,BiG-FAM unknown,ARTS2 unknown,1.0,1
332,NZ_CP059557.1.region010,Others,BiG-SCAPE unknown,GCF_187,antiSMASH unknown,BiG-FAM unknown,ARTS2 match,1.0,1
333,NZ_CP059557.1.region011,PKS-NRP_Hybrids,BiG-SCAPE unknown,GCF_238,antiSMASH known,BiG-FAM unknown,ARTS2 match,1.0,1
334,NZ_CP059557.1.region012,RiPPs,BiG-SCAPE unknown,GCF_220,antiSMASH unknown,BiG-FAM match,ARTS2 unknown,1.0,1
335,NZ_CP059557.1.region013,PKSI,BiG-SCAPE unknown,GCF_273,antiSMASH unknown,BiG-FAM unknown,ARTS2 match,1.0,1
336,NZ_CP059557.1.region014,Terpene,BiG-SCAPE unknown,GCF_65,antiSMASH unknown,BiG-FAM unknown,ARTS2 unknown,4.0,1
337,NZ_CP059557.1.region015,Others,BiG-SCAPE unknown,GCF_72,antiSMASH unknown,BiG-FAM match,ARTS2 unknown,3.0,1
338,NZ_CP059557.1.region016,NRPS,BiG-SCAPE unknown,GCF_86,antiSMASH unknown,BiG-FAM unknown,ARTS2 match,3.0,1
339,NZ_CP059557.1.region017,Terpene,BiG-SCAPE unknown,GCF_96,antiSMASH unknown,BiG-FAM unknown,ARTS2 unknown,3.0,1
340,NZ_CP059557.1.region018,Terpene,BiG-SCAPE unknown,GCF_313,antiSMASH known,BiG-FAM match,ARTS2 unknown,1.0,1
341,NZ_CP059557.1.region019,RiPPs,BiG-SCAPE unknown,GCF_228,antiSMASH unknown,BiG-FAM unknown,ARTS2 match,1.0,1
342,NZ_CP059557.1.region020,Others,BiG-SCAPE unknown,GCF_80,antiSMASH unknown,BiG-FAM unknown,ARTS2 match,3.0,1
343,NZ_CP059557.1.region021,Others,BiG-SCAPE unknown,GCF_171,antiSMASH unknown,BiG-FAM unknown,ARTS2 match,1.0,1
344,NZ_CP059557.1.region022,Others,BiG-SCAPE unknown,GCF_71,antiSMASH unknown,BiG-FAM unknown,ARTS2 unknown,3.0,1
345,NZ_CP059557.1.region023,Terpene,BiG-SCAPE unknown,GCF_2,antiSMASH unknown,BiG-FAM match,ARTS2 match,26.0,1
346,NZ_CP059557.1.region024,Others,BiG-SCAPE unknown,GCF_99,antiSMASH unknown,BiG-FAM match,ARTS2 unknown,2.0,1
347,NZ_CP059557.1.region025,NRPS,BiG-SCAPE unknown,GCF_55,antiSMASH unknown,BiG-FAM unknown,ARTS2 match,4.0,1
348,NZ_CP059556.1.region001,Others,BiG-SCAPE unknown,GCF_1,antiSMASH known,BiG-FAM match,ARTS2 match,26.0,1
349,NZ_CP059556.1.region002,Terpene,BiG-SCAPE unknown,GCF_306,antiSMASH unknown,BiG-FAM match,ARTS2 unknown,1.0,1
350,NZ_CP059556.1.region003,RiPPs,BiG-SCAPE unknown,GCF_47,antiSMASH known,BiG-FAM unknown,ARTS2 match,4.0,1
351,NZ_CP059556.1.region004,PKSI,BiG-SCAPE unknown,GCF_269,antiSMASH unknown,BiG-FAM unknown,ARTS2 match,1.0,1
352,NZ_CP059556.1.region005,Terpene,BiG-SCAPE unknown,GCF_2,antiSMASH unknown,BiG-FAM match,ARTS2 match,26.0,1
353,NZ_CP059556.1.region006,Others,BiG-SCAPE unknown,GCF_71,antiSMASH unknown,BiG-FAM unknown,ARTS2 unknown,3.0,1
354,NZ_CP059556.1.region007,RiPPs,BiG-SCAPE unknown,GCF_212,antiSMASH unknown,BiG-FAM unknown,ARTS2 match,1.0,1
355,NZ_CP059556.1.region008,Others,BiG-SCAPE unknown,GCF_80,antiSMASH unknown,BiG-FAM unknown,ARTS2 match,3.0,1
356,NZ_CP059556.1.region009,NRPS,BiG-SCAPE unknown,GCF_252,antiSMASH unknown,BiG-FAM unknown,ARTS2 match,1.0,1
357,NZ_CP059556.1.region010,PKS-NRP_Hybrids,BiG-SCAPE unknown,GCF_233,antiSMASH unknown,BiG-FAM unknown,ARTS2 unknown,1.0,1
358,NZ_CP059556.1.region011,Terpene,BiG-SCAPE unknown,GCF_96,antiSMASH unknown,BiG-FAM unknown,ARTS2 unknown,3.0,1
359,NZ_CP059556.1.region012,NRPS,BiG-SCAPE unknown,GCF_86,antiSMASH unknown,BiG-FAM unknown,ARTS2 match,3.0,1
360,NZ_CP059556.1.region013,NRPS,BiG-SCAPE unknown,GCF_244,antiSMASH unknown,BiG-FAM unknown,ARTS2 unknown,1.0,1
361,NZ_CP059556.1.region014,Terpene,BiG-SCAPE unknown,GCF_65,antiSMASH unknown,BiG-FAM unknown,ARTS2 unknown,4.0,1
362,NZ_CP059556.1.region015,Others,BiG-SCAPE unknown,GCF_72,antiSMASH unknown,BiG-FAM match,ARTS2 unknown,3.0,1
363,NZ_CP059556.1.region016,Terpene,BiG-SCAPE unknown,GCF_328,antiSMASH known,BiG-FAM unknown,ARTS2 unknown,1.0,1
364,NZ_CP059556.1.region017,PKSother,BiG-SCAPE unknown,GCF_286,antiSMASH unknown,BiG-FAM unknown,ARTS2 unknown,1.0,1
365,NZ_CP059556.1.region018,Others,BiG-SCAPE unknown,GCF_100,antiSMASH known,BiG-FAM unknown,ARTS2 match,2.0,1
366,NZ_CP059556.1.region019,Saccharides,BiG-SCAPE unknown,GCF_195,antiSMASH unknown,BiG-FAM unknown,ARTS2 unknown,1.0,1
367,NZ_CP059556.1.region020,PKSI,BiG-SCAPE unknown,GCF_280,antiSMASH unknown,BiG-FAM unknown,ARTS2 unknown,1.0,1
368,NZ_CP059556.1.region021,NRPS,BiG-SCAPE unknown,GCF_55,antiSMASH unknown,BiG-FAM unknown,ARTS2 match,4.0,1
369,NZ_CP059556.1.region022,Terpene,BiG-SCAPE unknown,GCF_301,antiSMASH unknown,BiG-FAM unknown,ARTS2 unknown,1.0,1
370,NZ_CP059556.1.region023,Terpene,BiG-SCAPE unknown,GCF_122,antiSMASH unknown,BiG-FAM match,ARTS2 match,2.0,1
371,NZ_CP059556.1.region024,Others,BiG-SCAPE unknown,GCF_186,antiSMASH unknown,BiG-FAM match,ARTS2 unknown,1.0,1
372,NZ_VWPH01000001.1.region001,NRPS,BiG-SCAPE unknown,GCF_248,antiSMASH unknown,BiG-FAM unknown,ARTS2 unknown,1.0,1
373,NZ_VWPH01000001.1.region002,Others,BiG-SCAPE unknown,GCF_18,antiSMASH unknown,BiG-FAM unknown,ARTS2 match,5.0,1
374,NZ_VWPH01000001.1.region003,Terpene,BiG-SCAPE unknown,GCF_30,antiSMASH known,BiG-FAM match,ARTS2 match,5.0,1
375,NZ_VWPH01000004.1.region001,PKSI,BiG-SCAPE unknown,GCF_278,antiSMASH unknown,BiG-FAM match,ARTS2 unknown,1.0,1
376,NZ_VWPH01000004.1.region002,Others,BiG-SCAPE unknown,GCF_124,antiSMASH unknown,BiG-FAM match,ARTS2 match,1.0,1
377,NZ_VWPH01000004.1.region003,Others,BiG-SCAPE unknown,GCF_107,antiSMASH unknown,BiG-FAM match,ARTS2 match,2.0,1
378,NZ_VWPH01000005.1.region001,Terpene,BiG-SCAPE unknown,GCF_6,antiSMASH unknown,BiG-FAM match,ARTS2 unknown,7.0,1
379,NZ_VWPH01000005.1.region002,PKSother,BiG-SCAPE unknown,GCF_287,antiSMASH unknown,BiG-FAM unknown,ARTS2 match,1.0,1
380,NZ_VWPH01000005.1.region003,Terpene,BiG-SCAPE unknown,GCF_4,antiSMASH unknown,BiG-FAM match,ARTS2 match,18.0,1
381,NZ_VWPH01000005.1.region004,PKSother,BiG-SCAPE unknown,GCF_285,antiSMASH unknown,BiG-FAM unknown,ARTS2 match,1.0,1
382,NZ_VWPH01000006.1.region001,RiPPs,BiG-SCAPE unknown,GCF_221,antiSMASH unknown,BiG-FAM match,ARTS2 unknown,1.0,1
383,NZ_VWPH01000008.1.region001,Terpene,BiG-SCAPE unknown,GCF_2,antiSMASH unknown,BiG-FAM match,ARTS2 match,26.0,1
384,NZ_VWPH01000010.1.region001,RiPPs,BiG-SCAPE unknown,GCF_226,antiSMASH unknown,BiG-FAM unknown,ARTS2 match,1.0,1
385,NZ_VWPH01000010.1.region002,Terpene,BiG-SCAPE unknown,GCF_317,antiSMASH known,BiG-FAM unknown,ARTS2 unknown,1.0,1
386,NZ_VWPH01000010.1.region003,NRPS,BiG-SCAPE unknown,GCF_250,antiSMASH unknown,BiG-FAM match,ARTS2 unknown,1.0,1
387,NZ_VWPH01000010.1.region004,Others,BiG-SCAPE unknown,GCF_35,antiSMASH unknown,BiG-FAM match,ARTS2 match,4.0,1
388,NZ_VWPH01000012.1.region001,Others,BiG-SCAPE unknown,GCF_1,antiSMASH known,BiG-FAM match,ARTS2 match,26.0,1
389,NZ_VWPH01000014.1.region001,NRPS,BiG-SCAPE unknown,GCF_3,antiSMASH unknown,BiG-FAM match,ARTS2 match,19.0,1
390,NZ_VWPH01000016.1.region001,RiPPs,BiG-SCAPE unknown,GCF_7,antiSMASH unknown,BiG-FAM unknown,ARTS2 match,6.0,1
391,NZ_VWPH01000016.1.region002,PKSI,BiG-SCAPE unknown,GCF_279,antiSMASH unknown,BiG-FAM match,ARTS2 unknown,1.0,1
392,NZ_VWPH01000019.1.region001,Others,BiG-SCAPE unknown,GCF_5,antiSMASH unknown,BiG-FAM match,ARTS2 unknown,9.0,1
393,NZ_VWPH01000021.1.region001,PKSother,BiG-SCAPE unknown,GCF_295,antiSMASH unknown,BiG-FAM unknown,ARTS2 match,1.0,1
394,NZ_JACCFJ010000001.1.region001,Others,BiG-SCAPE unknown,GCF_1,antiSMASH known,BiG-FAM match,ARTS2 match,26.0,1
395,NZ_JACCFJ010000001.1.region002,RiPPs,BiG-SCAPE unknown,GCF_81,antiSMASH unknown,BiG-FAM match,ARTS2 match,3.0,1
396,NZ_JACCFJ010000001.1.region003,Terpene,BiG-SCAPE unknown,GCF_2,antiSMASH unknown,BiG-FAM match,ARTS2 match,26.0,1
397,NZ_JACCFJ010000001.1.region004,RiPPs,BiG-SCAPE unknown,GCF_7,antiSMASH unknown,BiG-FAM unknown,ARTS2 match,6.0,1
398,NZ_JACCFJ010000001.1.region005,Others,BiG-SCAPE unknown,GCF_172,antiSMASH unknown,BiG-FAM unknown,ARTS2 unknown,1.0,1
399,NZ_JACCFJ010000001.1.region006,NRPS,BiG-SCAPE unknown,GCF_246,antiSMASH unknown,BiG-FAM unknown,ARTS2 unknown,1.0,1
400,NZ_JACCFJ010000001.1.region007,PKS-NRP_Hybrids,BiG-SCAPE unknown,GCF_240,antiSMASH unknown,BiG-FAM unknown,ARTS2 match,1.0,1
401,NZ_JACCFJ010000001.1.region008,Terpene,BiG-SCAPE unknown,GCF_4,antiSMASH unknown,BiG-FAM match,ARTS2 match,18.0,1
402,NZ_JACCFJ010000001.1.region009,Terpene,BiG-SCAPE unknown,GCF_6,antiSMASH unknown,BiG-FAM match,ARTS2 unknown,7.0,1
403,NZ_JACCFJ010000001.1.region010,RiPPs,BiG-SCAPE unknown,GCF_201,antiSMASH unknown,BiG-FAM unknown,ARTS2 unknown,1.0,1
404,NZ_JACCFJ010000001.1.region011,Terpene,BiG-SCAPE unknown,GCF_322,antiSMASH unknown,BiG-FAM unknown,ARTS2 unknown,1.0,1
405,NZ_JACCFJ010000001.1.region012,NRPS,BiG-SCAPE unknown,GCF_3,antiSMASH unknown,BiG-FAM match,ARTS2 match,19.0,1
406,NZ_JACCFJ010000001.1.region013,Others,BiG-SCAPE unknown,GCF_102,antiSMASH unknown,BiG-FAM unknown,ARTS2 match,2.0,1
407,NZ_FOME01000001.1.region001,Terpene,BiG-SCAPE unknown,GCF_2,antiSMASH unknown,BiG-FAM match,ARTS2 match,26.0,1
408,NZ_FOME01000001.1.region002,RiPPs,BiG-SCAPE unknown,GCF_7,antiSMASH unknown,BiG-FAM unknown,ARTS2 match,6.0,1
409,NZ_FOME01000001.1.region003,Saccharides,BiG-SCAPE unknown,GCF_44,antiSMASH unknown,BiG-FAM match,ARTS2 unknown,4.0,1
410,NZ_FOME01000001.1.region004,PKSother,BiG-SCAPE unknown,GCF_118,antiSMASH unknown,BiG-FAM match,ARTS2 match,2.0,1
411,NZ_FOME01000001.1.region005,Others,BiG-SCAPE unknown,GCF_18,antiSMASH unknown,BiG-FAM unknown,ARTS2 match,5.0,1
412,NZ_FOME01000001.1.region006,Terpene,BiG-SCAPE unknown,GCF_30,antiSMASH known,BiG-FAM match,ARTS2 match,5.0,1
413,NZ_FOME01000004.1.region001,NRPS,BiG-SCAPE unknown,GCF_3,antiSMASH unknown,BiG-FAM match,ARTS2 match,19.0,1
414,NZ_FOME01000006.1.region001,Terpene,BiG-SCAPE unknown,GCF_6,antiSMASH unknown,BiG-FAM match,ARTS2 unknown,7.0,1
415,NZ_FOME01000006.1.region002,Others,BiG-SCAPE unknown,GCF_39,antiSMASH unknown,BiG-FAM unknown,ARTS2 unknown,4.0,1
416,NZ_FOME01000006.1.region003,Terpene,BiG-SCAPE unknown,GCF_4,antiSMASH unknown,BiG-FAM match,ARTS2 match,18.0,1
417,NZ_FOME01000008.1.region001,NRPS,BiG-SCAPE unknown,GCF_52,antiSMASH unknown,BiG-FAM unknown,ARTS2 unknown,4.0,1
418,NZ_FOME01000009.1.region001,Others,BiG-SCAPE unknown,GCF_35,antiSMASH unknown,BiG-FAM match,ARTS2 match,4.0,1
419,NZ_FOME01000009.1.region002,PKS-NRP_Hybrids,BiG-SCAPE unknown,GCF_51,antiSMASH unknown,BiG-FAM match,ARTS2 match,4.0,1
420,NZ_FOME01000011.1.region001,PKSother,BiG-SCAPE unknown,GCF_119,antiSMASH unknown,BiG-FAM match,ARTS2 match,2.0,1
421,NZ_FOME01000012.1.region001,Terpene,BiG-SCAPE unknown,GCF_33,antiSMASH unknown,BiG-FAM match,ARTS2 unknown,5.0,1
422,NZ_FOME01000013.1.region001,RiPPs,BiG-SCAPE unknown,GCF_48,antiSMASH unknown,BiG-FAM unknown,ARTS2 match,4.0,1
423,NZ_FOME01000014.1.region001,Others,BiG-SCAPE unknown,GCF_41,antiSMASH unknown,BiG-FAM match,ARTS2 unknown,4.0,1
424,NZ_FOME01000016.1.region001,Others,BiG-SCAPE unknown,GCF_1,antiSMASH known,BiG-FAM match,ARTS2 match,26.0,1
425,NZ_FOME01000019.1.region001,Others,BiG-SCAPE unknown,GCF_5,antiSMASH unknown,BiG-FAM match,ARTS2 unknown,9.0,1
426,NZ_FOME01000021.1.region001,RiPPs,BiG-SCAPE unknown,GCF_110,antiSMASH unknown,BiG-FAM unknown,ARTS2 unknown,2.0,1
427,NZ_FOME01000021.1.region002,Terpene,BiG-SCAPE unknown,GCF_64,antiSMASH known,BiG-FAM unknown,ARTS2 unknown,4.0,1
428,NZ_FNVB01000002.1.region001,Terpene,BiG-SCAPE unknown,GCF_2,antiSMASH unknown,BiG-FAM match,ARTS2 match,26.0,1
429,NZ_FNVB01000002.1.region002,Others,BiG-SCAPE unknown,GCF_18,antiSMASH unknown,BiG-FAM unknown,ARTS2 match,5.0,1
430,NZ_FNVB01000002.1.region003,PKSother,BiG-SCAPE unknown,GCF_118,antiSMASH unknown,BiG-FAM match,ARTS2 match,2.0,1
431,NZ_FNVB01000002.1.region004,Saccharides,BiG-SCAPE unknown,GCF_44,antiSMASH unknown,BiG-FAM match,ARTS2 unknown,4.0,1
432,NZ_FNVB01000002.1.region005,RiPPs,BiG-SCAPE unknown,GCF_7,antiSMASH unknown,BiG-FAM unknown,ARTS2 match,6.0,1
433,NZ_FNVB01000002.1.region006,Terpene,BiG-SCAPE unknown,GCF_6,antiSMASH unknown,BiG-FAM match,ARTS2 unknown,7.0,1
434,NZ_FNVB01000002.1.region007,Others,BiG-SCAPE unknown,GCF_39,antiSMASH unknown,BiG-FAM unknown,ARTS2 unknown,4.0,1
435,NZ_FNVB01000002.1.region008,Terpene,BiG-SCAPE unknown,GCF_4,antiSMASH unknown,BiG-FAM match,ARTS2 match,18.0,1
436,NZ_FNVB01000002.1.region009,PKSother,BiG-SCAPE unknown,GCF_119,antiSMASH unknown,BiG-FAM match,ARTS2 match,2.0,1
437,NZ_FNVB01000002.1.region010,Others,BiG-SCAPE unknown,GCF_5,antiSMASH unknown,BiG-FAM match,ARTS2 unknown,9.0,1
438,NZ_FNVB01000003.1.region001,RiPPs,BiG-SCAPE unknown,GCF_110,antiSMASH unknown,BiG-FAM unknown,ARTS2 unknown,2.0,1
439,NZ_FNVB01000003.1.region002,Terpene,BiG-SCAPE unknown,GCF_64,antiSMASH known,BiG-FAM unknown,ARTS2 unknown,4.0,1
440,NZ_FNVB01000003.1.region003,PKS-NRP_Hybrids,BiG-SCAPE unknown,GCF_230,antiSMASH unknown,BiG-FAM match,ARTS2 match,1.0,1
441,NZ_FNVB01000003.1.region004,RiPPs,BiG-SCAPE unknown,GCF_203,antiSMASH unknown,BiG-FAM match,ARTS2 unknown,1.0,1
442,NZ_FNVB01000003.1.region005,PKS-NRP_Hybrids,BiG-SCAPE unknown,GCF_51,antiSMASH unknown,BiG-FAM match,ARTS2 match,4.0,1
443,NZ_FNVB01000003.1.region006,Terpene,BiG-SCAPE unknown,GCF_33,antiSMASH unknown,BiG-FAM match,ARTS2 unknown,5.0,1
444,NZ_FNVB01000003.1.region007,Others,BiG-SCAPE unknown,GCF_41,antiSMASH unknown,BiG-FAM match,ARTS2 unknown,4.0,1
445,NZ_FNVB01000007.1.region001,NRPS,BiG-SCAPE unknown,GCF_52,antiSMASH unknown,BiG-FAM unknown,ARTS2 unknown,4.0,1
446,NZ_FNVB01000009.1.region001,NRPS,BiG-SCAPE unknown,GCF_3,antiSMASH unknown,BiG-FAM match,ARTS2 match,19.0,1
447,NZ_FNVB01000013.1.region001,RiPPs,BiG-SCAPE unknown,GCF_48,antiSMASH unknown,BiG-FAM unknown,ARTS2 match,4.0,1
448,NZ_FNVB01000014.1.region001,Terpene,BiG-SCAPE unknown,GCF_30,antiSMASH known,BiG-FAM match,ARTS2 match,5.0,1
449,NZ_FNVB01000015.1.region001,Others,BiG-SCAPE unknown,GCF_1,antiSMASH known,BiG-FAM match,ARTS2 match,26.0,1
450,NZ_JACHIW010000001.1.region001,RiPPs,BiG-SCAPE unknown,GCF_207,antiSMASH unknown,BiG-FAM unknown,ARTS2 unknown,1.0,1
451,NZ_JACHIW010000001.1.region002,Terpene,BiG-SCAPE unknown,GCF_2,antiSMASH unknown,BiG-FAM match,ARTS2 match,26.0,1
452,NZ_JACHIW010000001.1.region003,NRPS,BiG-SCAPE unknown,GCF_262,antiSMASH unknown,BiG-FAM unknown,ARTS2 unknown,1.0,1
453,NZ_JACHIW010000001.1.region004,NRPS,BiG-SCAPE unknown,GCF_263,antiSMASH unknown,BiG-FAM unknown,ARTS2 match,1.0,1
454,NZ_JACHIW010000001.1.region005,NRPS,BiG-SCAPE unknown,GCF_242,antiSMASH unknown,BiG-FAM unknown,ARTS2 match,1.0,1
455,NZ_JACHIW010000001.1.region006,Others,BiG-SCAPE unknown,GCF_1,antiSMASH known,BiG-FAM match,ARTS2 match,26.0,1
456,NZ_JACHIW010000001.1.region007,RiPPs,BiG-SCAPE unknown,GCF_227,antiSMASH unknown,BiG-FAM match,ARTS2 unknown,1.0,1
457,NZ_JACHIW010000001.1.region008,NRPS,BiG-SCAPE unknown,GCF_253,antiSMASH unknown,BiG-FAM unknown,ARTS2 match,1.0,1
458,NZ_JACHIW010000001.1.region009,RiPPs,BiG-SCAPE unknown,GCF_202,antiSMASH unknown,BiG-FAM unknown,ARTS2 unknown,1.0,1
459,NZ_JACHIW010000001.1.region010,PKSI,BiG-SCAPE unknown,GCF_264,antiSMASH unknown,BiG-FAM unknown,ARTS2 unknown,1.0,1
460,NZ_JACHIW010000001.1.region011,Terpene,BiG-SCAPE unknown,GCF_307,antiSMASH unknown,BiG-FAM unknown,ARTS2 match,1.0,1
461,NZ_JACHIW010000001.1.region012,Others,BiG-SCAPE unknown,GCF_158,antiSMASH unknown,BiG-FAM unknown,ARTS2 match,1.0,1
462,NZ_JACHIW010000001.1.region013,PKSother,BiG-SCAPE unknown,GCF_297,antiSMASH unknown,BiG-FAM unknown,ARTS2 unknown,1.0,1
463,NZ_JACHIW010000001.1.region014,PKSI,BiG-SCAPE unknown,GCF_270,antiSMASH unknown,BiG-FAM unknown,ARTS2 unknown,1.0,1
464,NZ_JACHIW010000001.1.region015,RiPPs,BiG-SCAPE unknown,GCF_215,antiSMASH unknown,BiG-FAM match,ARTS2 unknown,1.0,1
465,NZ_JACHIW010000001.1.region016,Others,BiG-SCAPE unknown,GCF_156,antiSMASH known,BiG-FAM unknown,ARTS2 match,1.0,1
466,NZ_JACHIW010000001.1.region017,Terpene,BiG-SCAPE unknown,GCF_318,antiSMASH known,BiG-FAM match,ARTS2 match,1.0,1
467,NZ_JACHIW010000002.1.region001,PKSother,BiG-SCAPE unknown,GCF_291,antiSMASH unknown,BiG-FAM unknown,ARTS2 unknown,1.0,1
468,NZ_JACHIW010000002.1.region002,Others,BiG-SCAPE unknown,GCF_164,antiSMASH unknown,BiG-FAM match,ARTS2 unknown,1.0,1
469,NZ_JACHIW010000002.1.region003,PKSother,BiG-SCAPE unknown,GCF_296,antiSMASH unknown,BiG-FAM unknown,ARTS2 match,1.0,1
470,NZ_JACHIW010000002.1.region004,Terpene,BiG-SCAPE unknown,GCF_4,antiSMASH unknown,BiG-FAM match,ARTS2 match,18.0,1
471,NZ_JACHIW010000002.1.region005,Others,BiG-SCAPE unknown,GCF_181,antiSMASH unknown,BiG-FAM unknown,ARTS2 unknown,1.0,1
472,NZ_JACHIW010000002.1.region006,Others,BiG-SCAPE unknown,GCF_107,antiSMASH unknown,BiG-FAM match,ARTS2 match,2.0,1
473,NZ_JACHIW010000002.1.region007,Others,BiG-SCAPE unknown,GCF_144,antiSMASH unknown,BiG-FAM unknown,ARTS2 unknown,1.0,1
474,NZ_JACHIW010000002.1.region008,Others,BiG-SCAPE unknown,GCF_134,antiSMASH unknown,BiG-FAM unknown,ARTS2 unknown,1.0,1
475,NZ_JACHIW010000002.1.region009,Others,BiG-SCAPE unknown,GCF_141,antiSMASH unknown,BiG-FAM unknown,ARTS2 unknown,1.0,1
476,NZ_JACHIW010000002.1.region010,PKSI,BiG-SCAPE unknown,GCF_271,antiSMASH unknown,BiG-FAM unknown,ARTS2 unknown,1.0,1
477,NZ_JACHIW010000002.1.region011,PKS-NRP_Hybrids,BiG-SCAPE unknown,GCF_236,antiSMASH unknown,BiG-FAM unknown,ARTS2 match,1.0,1
478,NZ_JACHIW010000002.1.region012,Terpene,BiG-SCAPE unknown,GCF_302,antiSMASH unknown,BiG-FAM unknown,ARTS2 unknown,1.0,1
479,NZ_JACHIW010000002.1.region013,PKSI,BiG-SCAPE unknown,GCF_268,antiSMASH unknown,BiG-FAM unknown,ARTS2 unknown,1.0,1
480,NZ_JACHIW010000002.1.region014,Others,BiG-SCAPE unknown,GCF_143,antiSMASH unknown,BiG-FAM unknown,ARTS2 match,1.0,1
481,NZ_JACHIW010000002.1.region015,Terpene,BiG-SCAPE unknown,GCF_310,antiSMASH known,BiG-FAM match,ARTS2 unknown,1.0,1
482,NZ_JACHIW010000003.1.region001,Terpene,BiG-SCAPE unknown,GCF_6,antiSMASH unknown,BiG-FAM match,ARTS2 unknown,7.0,1
483,NZ_JACHIW010000003.1.region002,Others,BiG-SCAPE unknown,GCF_189,antiSMASH unknown,BiG-FAM unknown,ARTS2 unknown,1.0,1
484,NZ_JACHIW010000003.1.region003,PKS-NRP_Hybrids,BiG-SCAPE unknown,GCF_235,antiSMASH unknown,BiG-FAM unknown,ARTS2 unknown,1.0,1
485,NZ_JACHIW010000004.1.region001,PKSI,BiG-SCAPE unknown,GCF_274,antiSMASH unknown,BiG-FAM unknown,ARTS2 unknown,1.0,1
486,NZ_CP031142.1.region001,Others,BiG-SCAPE unknown,GCF_37,antiSMASH unknown,BiG-FAM match,ARTS2 unknown,4.0,1
487,NZ_CP031142.1.region002,Terpene,BiG-SCAPE unknown,GCF_312,antiSMASH unknown,BiG-FAM unknown,ARTS2 match,1.0,1
488,NZ_CP031142.1.region003,RiPPs,BiG-SCAPE unknown,GCF_208,antiSMASH known,BiG-FAM match,ARTS2 match,1.0,1
489,NZ_CP031142.1.region004,Terpene,BiG-SCAPE unknown,GCF_327,antiSMASH unknown,BiG-FAM unknown,ARTS2 unknown,1.0,1
490,NZ_CP031142.1.region005,Terpene,BiG-SCAPE unknown,GCF_324,antiSMASH known,BiG-FAM match,ARTS2 unknown,1.0,1
491,NZ_CP031142.1.region006,PKS-NRP_Hybrids,BiG-SCAPE unknown,GCF_239,antiSMASH unknown,BiG-FAM unknown,ARTS2 unknown,1.0,1
492,NZ_CP031142.1.region007,Others,BiG-SCAPE unknown,GCF_16,antiSMASH unknown,BiG-FAM match,ARTS2 unknown,5.0,1
493,NZ_CP031142.1.region008,NRPS,BiG-SCAPE unknown,GCF_247,antiSMASH unknown,BiG-FAM unknown,ARTS2 unknown,1.0,1
494,NZ_CP031142.1.region009,PKSother,BiG-SCAPE unknown,GCF_292,antiSMASH unknown,BiG-FAM unknown,ARTS2 match,1.0,1
495,NZ_CP031142.1.region010,Others,BiG-SCAPE unknown,GCF_126,antiSMASH unknown,BiG-FAM unknown,ARTS2 match,1.0,1
496,NZ_CP031142.1.region011,Others,BiG-SCAPE unknown,GCF_150,antiSMASH unknown,BiG-FAM unknown,ARTS2 unknown,1.0,1
497,NZ_CP031142.1.region012,Others,BiG-SCAPE unknown,GCF_11,antiSMASH unknown,BiG-FAM match,ARTS2 unknown,5.0,1
498,NZ_CP031142.1.region013,Others,BiG-SCAPE unknown,GCF_162,antiSMASH unknown,BiG-FAM unknown,ARTS2 unknown,1.0,1
499,NZ_CP031142.1.region014,Terpene,BiG-SCAPE unknown,GCF_4,antiSMASH unknown,BiG-FAM match,ARTS2 match,18.0,1
500,NZ_CP031142.1.region015,PKSother,BiG-SCAPE unknown,GCF_294,antiSMASH unknown,BiG-FAM unknown,ARTS2 match,1.0,1
501,NZ_CP031142.1.region016,Others,BiG-SCAPE unknown,GCF_173,antiSMASH unknown,BiG-FAM unknown,ARTS2 unknown,1.0,1
502,NZ_CP031142.1.region017,Others,BiG-SCAPE unknown,GCF_184,antiSMASH unknown,BiG-FAM match,ARTS2 unknown,1.0,1
503,NZ_CP031142.1.region018,RiPPs,BiG-SCAPE unknown,GCF_108,antiSMASH unknown,BiG-FAM match,ARTS2 unknown,2.0,1
504,NZ_CP031142.1.region019,NRPS,BiG-SCAPE unknown,GCF_254,antiSMASH unknown,BiG-FAM unknown,ARTS2 unknown,1.0,1
505,NZ_CP031142.1.region020,NRPS,BiG-SCAPE unknown,GCF_53,antiSMASH unknown,BiG-FAM match,ARTS2 match,4.0,1
506,NZ_CP031142.1.region021,Others,BiG-SCAPE unknown,GCF_142,antiSMASH known,BiG-FAM unknown,ARTS2 match,1.0,1
507,NZ_CP031142.1.region022,RiPPs,BiG-SCAPE unknown,GCF_109,antiSMASH unknown,BiG-FAM unknown,ARTS2 unknown,2.0,1
508,NZ_CP031142.1.region023,Others,BiG-SCAPE unknown,GCF_168,antiSMASH unknown,BiG-FAM unknown,ARTS2 unknown,1.0,1
509,NZ_CP031142.1.region024,Others,BiG-SCAPE unknown,GCF_105,antiSMASH unknown,BiG-FAM match,ARTS2 unknown,2.0,1
510,NZ_CP031142.1.region025,PKS-NRP_Hybrids,BiG-SCAPE unknown,GCF_241,antiSMASH unknown,BiG-FAM unknown,ARTS2 match,1.0,1
511,NZ_CP031142.1.region026,Others,BiG-SCAPE unknown,GCF_185,antiSMASH known,BiG-FAM unknown,ARTS2 unknown,1.0,1
512,NZ_CP031142.1.region027,Others,BiG-SCAPE unknown,GCF_40,antiSMASH unknown,BiG-FAM match,ARTS2 match,4.0,1
513,NZ_CP031142.1.region028,Terpene,BiG-SCAPE unknown,GCF_315,antiSMASH unknown,BiG-FAM match,ARTS2 unknown,1.0,1
514,NZ_CP031142.1.region029,NRPS,BiG-SCAPE unknown,GCF_56,antiSMASH known,BiG-FAM match,ARTS2 unknown,4.0,1
515,NZ_CP031142.1.region030,Others,BiG-SCAPE unknown,GCF_129,antiSMASH unknown,BiG-FAM unknown,ARTS2 unknown,1.0,1
516,NZ_CP031142.1.region031,RiPPs,BiG-SCAPE unknown,GCF_218,antiSMASH unknown,BiG-FAM unknown,ARTS2 match,1.0,1
517,NZ_CP031142.1.region032,NRPS,BiG-SCAPE unknown,GCF_111,antiSMASH unknown,BiG-FAM unknown,ARTS2 match,2.0,1
518,NZ_CP031142.1.region033,Others,BiG-SCAPE unknown,GCF_15,antiSMASH unknown,BiG-FAM match,ARTS2 unknown,5.0,1
519,NZ_CP031142.1.region034,Others,BiG-SCAPE unknown,GCF_1,antiSMASH known,BiG-FAM match,ARTS2 match,26.0,1
520,NZ_CP031142.1.region035,RiPPs,BiG-SCAPE unknown,GCF_199,antiSMASH unknown,BiG-FAM match,ARTS2 match,1.0,1
521,NZ_CP031142.1.region036,Terpene,BiG-SCAPE unknown,GCF_2,antiSMASH unknown,BiG-FAM match,ARTS2 match,26.0,1
522,NZ_CP031142.1.region037,Others,BiG-SCAPE unknown,GCF_135,antiSMASH unknown,BiG-FAM match,ARTS2 unknown,1.0,1
523,NZ_CP031142.1.region038,PKSother,BiG-SCAPE unknown,GCF_300,antiSMASH unknown,BiG-FAM unknown,ARTS2 unknown,1.0,1
524,NZ_RSAA01000001.1.region001,Terpene,BiG-SCAPE unknown,GCF_68,antiSMASH unknown,BiG-FAM match,ARTS2 unknown,4.0,1
525,NZ_RSAA01000004.1.region001,NRPS,BiG-SCAPE unknown,GCF_3,antiSMASH unknown,BiG-FAM match,ARTS2 match,19.0,1
526,NZ_RSAA01000005.1.region001,Terpene,BiG-SCAPE unknown,GCF_67,antiSMASH unknown,BiG-FAM match,ARTS2 unknown,4.0,1
527,NZ_RSAA01000005.1.region002,Terpene,BiG-SCAPE unknown,GCF_69,antiSMASH known,BiG-FAM match,ARTS2 match,4.0,1
528,NZ_RSAA01000006.1.region001,Others,BiG-SCAPE unknown,GCF_166,antiSMASH unknown,BiG-FAM match,ARTS2 unknown,1.0,1
529,NZ_RSAA01000007.1.region001,Others,BiG-SCAPE unknown,GCF_36,antiSMASH unknown,BiG-FAM unknown,ARTS2 match,4.0,1
530,NZ_RSAA01000007.1.region002,RiPPs,BiG-SCAPE unknown,GCF_45,antiSMASH unknown,BiG-FAM unknown,ARTS2 match,4.0,1
531,NZ_RSAA01000007.1.region003,Terpene,BiG-SCAPE unknown,GCF_2,antiSMASH unknown,BiG-FAM match,ARTS2 match,26.0,1
532,NZ_RSAA01000007.1.region004,Others,BiG-SCAPE unknown,GCF_123,antiSMASH unknown,BiG-FAM match,ARTS2 match,1.0,1
533,NZ_RSAA01000009.1.region001,Others,BiG-SCAPE unknown,GCF_1,antiSMASH known,BiG-FAM match,ARTS2 match,26.0,1
534,NZ_RSAA01000010.1.region001,RiPPs,BiG-SCAPE unknown,GCF_223,antiSMASH unknown,BiG-FAM match,ARTS2 match,1.0,1
535,NZ_RSAA01000010.1.region002,Terpene,BiG-SCAPE unknown,GCF_323,antiSMASH unknown,BiG-FAM unknown,ARTS2 unknown,1.0,1
536,NZ_RSAA01000010.1.region003,Others,BiG-SCAPE unknown,GCF_148,antiSMASH unknown,BiG-FAM match,ARTS2 match,1.0,1
537,NZ_RSAA01000020.1.region001,Others,BiG-SCAPE unknown,GCF_133,antiSMASH unknown,BiG-FAM match,ARTS2 unknown,1.0,1
538,NZ_CP102826.1.region001,Others,BiG-SCAPE unknown,GCF_1,antiSMASH known,BiG-FAM match,ARTS2 match,26.0,1
539,NZ_CP102826.1.region002,RiPPs,BiG-SCAPE unknown,GCF_229,antiSMASH unknown,BiG-FAM match,ARTS2 unknown,1.0,1
540,NZ_CP102826.1.region003,NRPS,BiG-SCAPE unknown,GCF_3,antiSMASH unknown,BiG-FAM match,ARTS2 match,19.0,1
541,NZ_CP102826.1.region004,NRPS,BiG-SCAPE unknown,GCF_258,antiSMASH unknown,BiG-FAM unknown,ARTS2 match,1.0,1
542,NZ_CP102826.1.region005,PKSother,BiG-SCAPE unknown,GCF_289,antiSMASH unknown,BiG-FAM unknown,ARTS2 match,1.0,1
543,NZ_CP102826.1.region006,Terpene,BiG-SCAPE unknown,GCF_308,antiSMASH known,BiG-FAM match,ARTS2 match,1.0,1
544,NZ_CP102826.1.region007,NRPS,BiG-SCAPE unknown,GCF_243,antiSMASH unknown,BiG-FAM unknown,ARTS2 unknown,1.0,1
545,NZ_CP102826.1.region008,Others,BiG-SCAPE unknown,GCF_160,antiSMASH unknown,BiG-FAM unknown,ARTS2 unknown,1.0,1
546,NZ_CP102826.1.region009,Terpene,BiG-SCAPE unknown,GCF_4,antiSMASH unknown,BiG-FAM match,ARTS2 match,18.0,1
547,NZ_CP102826.1.region010,RiPPs,BiG-SCAPE unknown,GCF_206,antiSMASH unknown,BiG-FAM unknown,ARTS2 unknown,1.0,1
548,NZ_CP102826.1.region011,Others,BiG-SCAPE unknown,GCF_165,antiSMASH unknown,BiG-FAM unknown,ARTS2 unknown,1.0,1
549,NZ_CP102826.1.region012,PKSI,BiG-SCAPE unknown,GCF_277,antiSMASH unknown,BiG-FAM unknown,ARTS2 match,1.0,1
550,NZ_CP102826.1.region013,Others,BiG-SCAPE unknown,GCF_136,antiSMASH unknown,BiG-FAM unknown,ARTS2 match,1.0,1
551,NZ_CP102826.1.region014,Others,BiG-SCAPE unknown,GCF_151,antiSMASH unknown,BiG-FAM unknown,ARTS2 unknown,1.0,1
552,NZ_CP102826.1.region015,Terpene,BiG-SCAPE unknown,GCF_326,antiSMASH unknown,BiG-FAM unknown,ARTS2 unknown,1.0,1
553,NZ_CP102826.1.region016,Others,BiG-SCAPE unknown,GCF_182,antiSMASH unknown,BiG-FAM unknown,ARTS2 unknown,1.0,1
554,NZ_CP102826.1.region017,NRPS,BiG-SCAPE unknown,GCF_259,antiSMASH unknown,BiG-FAM unknown,ARTS2 unknown,1.0,1
555,NZ_CP102826.1.region018,Terpene,BiG-SCAPE unknown,GCF_2,antiSMASH unknown,BiG-FAM match,ARTS2 match,26.0,1
556,NZ_CP040605.1.region001,PKSother,BiG-SCAPE unknown,GCF_282,antiSMASH unknown,BiG-FAM unknown,ARTS2 match,1.0,1
557,NZ_CP040605.1.region002,Others,BiG-SCAPE unknown,GCF_5,antiSMASH unknown,BiG-FAM match,ARTS2 unknown,9.0,1
558,NZ_CP040605.1.region003,Terpene,BiG-SCAPE unknown,GCF_2,antiSMASH unknown,BiG-FAM match,ARTS2 match,26.0,1
559,NZ_CP040605.1.region004,RiPPs,BiG-SCAPE unknown,GCF_211,antiSMASH unknown,BiG-FAM unknown,ARTS2 match,1.0,1
560,NZ_CP040605.1.region005,Others,BiG-SCAPE unknown,GCF_1,antiSMASH known,BiG-FAM match,ARTS2 match,26.0,1
561,NZ_CP040605.1.region006,Others,BiG-SCAPE unknown,GCF_15,antiSMASH unknown,BiG-FAM match,ARTS2 unknown,5.0,1
562,NZ_CP040605.1.region007,NRPS,BiG-SCAPE unknown,GCF_111,antiSMASH unknown,BiG-FAM unknown,ARTS2 match,2.0,1
563,NZ_CP040605.1.region008,Others,BiG-SCAPE unknown,GCF_146,antiSMASH unknown,BiG-FAM unknown,ARTS2 match,1.0,1
564,NZ_CP040605.1.region009,Others,BiG-SCAPE unknown,GCF_137,antiSMASH unknown,BiG-FAM unknown,ARTS2 match,1.0,1
565,NZ_CP040605.1.region010,Terpene,BiG-SCAPE unknown,GCF_319,antiSMASH unknown,BiG-FAM match,ARTS2 unknown,1.0,1
566,NZ_CP040605.1.region011,Others,BiG-SCAPE unknown,GCF_188,antiSMASH known,BiG-FAM unknown,ARTS2 unknown,1.0,1
567,NZ_CP040605.1.region012,NRPS,BiG-SCAPE unknown,GCF_261,antiSMASH unknown,BiG-FAM unknown,ARTS2 unknown,1.0,1
568,NZ_CP040605.1.region013,PKSI,BiG-SCAPE unknown,GCF_272,antiSMASH unknown,BiG-FAM unknown,ARTS2 match,1.0,1
569,NZ_CP040605.1.region014,NRPS,BiG-SCAPE unknown,GCF_251,antiSMASH unknown,BiG-FAM unknown,ARTS2 unknown,1.0,1
570,NZ_CP040605.1.region015,Others,BiG-SCAPE unknown,GCF_105,antiSMASH unknown,BiG-FAM match,ARTS2 unknown,2.0,1
571,NZ_CP040605.1.region016,RiPPs,BiG-SCAPE unknown,GCF_109,antiSMASH unknown,BiG-FAM unknown,ARTS2 unknown,2.0,1
572,NZ_CP040605.1.region017,Others,BiG-SCAPE unknown,GCF_16,antiSMASH unknown,BiG-FAM match,ARTS2 unknown,5.0,1
573,NZ_CP040605.1.region018,PKS-NRP_Hybrids,BiG-SCAPE unknown,GCF_234,antiSMASH unknown,BiG-FAM unknown,ARTS2 match,1.0,1
574,NZ_CP040605.1.region019,Others,BiG-SCAPE unknown,GCF_179,antiSMASH unknown,BiG-FAM unknown,ARTS2 unknown,1.0,1
575,NZ_CP040605.1.region020,PKSother,BiG-SCAPE unknown,GCF_63,antiSMASH unknown,BiG-FAM match,ARTS2 unknown,4.0,1
576,NZ_CP040605.1.region021,Others,BiG-SCAPE unknown,GCF_157,antiSMASH unknown,BiG-FAM unknown,ARTS2 unknown,1.0,1
577,NZ_CP040605.1.region022,RiPPs,BiG-SCAPE unknown,GCF_108,antiSMASH unknown,BiG-FAM match,ARTS2 unknown,2.0,1
578,NZ_CP040605.1.region023,Terpene,BiG-SCAPE unknown,GCF_4,antiSMASH unknown,BiG-FAM match,ARTS2 match,18.0,1
579,NZ_CP040605.1.region024,PKSother,BiG-SCAPE unknown,GCF_281,antiSMASH unknown,BiG-FAM unknown,ARTS2 match,1.0,1
580,NZ_CP040605.1.region025,Others,BiG-SCAPE unknown,GCF_192,antiSMASH unknown,BiG-FAM unknown,ARTS2 unknown,1.0,1
581,NZ_CP040605.1.region026,Others,BiG-SCAPE unknown,GCF_11,antiSMASH unknown,BiG-FAM match,ARTS2 unknown,5.0,1
582,NZ_CP040605.1.region027,Others,BiG-SCAPE unknown,GCF_175,antiSMASH unknown,BiG-FAM unknown,ARTS2 unknown,1.0,1
583,NZ_CP040605.1.region028,Others,BiG-SCAPE unknown,GCF_102,antiSMASH unknown,BiG-FAM unknown,ARTS2 match,2.0,1
584,NZ_CP040605.1.region029,NRPS,BiG-SCAPE unknown,GCF_53,antiSMASH unknown,BiG-FAM match,ARTS2 match,4.0,1
585,NZ_CP040605.1.region030,Terpene,BiG-SCAPE unknown,GCF_309,antiSMASH known,BiG-FAM match,ARTS2 match,1.0,1
586,NZ_CP040605.1.region031,Others,BiG-SCAPE unknown,GCF_159,antiSMASH unknown,BiG-FAM unknown,ARTS2 unknown,1.0,1
587,NZ_CP040605.1.region032,Others,BiG-SCAPE unknown,GCF_183,antiSMASH known,BiG-FAM unknown,ARTS2 match,1.0,1
588,NZ_CP040605.1.region033,Others,BiG-SCAPE unknown,GCF_125,antiSMASH unknown,BiG-FAM unknown,ARTS2 match,1.0,1
589,NZ_JADDUE010000001.1.region001,Others,BiG-SCAPE unknown,GCF_1,antiSMASH known,BiG-FAM match,ARTS2 match,26.0,1
590,NZ_JADDUE010000002.1.region001,RiPPs,BiG-SCAPE unknown,GCF_210,antiSMASH unknown,BiG-FAM match,ARTS2 unknown,1.0,1
591,NZ_JADDUE010000002.1.region002,Others,BiG-SCAPE unknown,GCF_140,antiSMASH unknown,BiG-FAM unknown,ARTS2 unknown,1.0,1
592,NZ_JADDUE010000003.1.region001,Terpene,BiG-SCAPE unknown,GCF_325,antiSMASH unknown,BiG-FAM unknown,ARTS2 unknown,1.0,1
593,NZ_JADDUE010000003.1.region002,Terpene,BiG-SCAPE unknown,GCF_314,antiSMASH known,BiG-FAM unknown,ARTS2 unknown,1.0,1
594,NZ_JADDUE010000003.1.region003,Terpene,BiG-SCAPE unknown,GCF_2,antiSMASH unknown,BiG-FAM match,ARTS2 match,26.0,1
595,NZ_JADDUE010000004.1.region001,PKSI,BiG-SCAPE unknown,GCF_90,antiSMASH unknown,BiG-FAM unknown,ARTS2 match,3.0,1
596,NZ_JADDUE010000004.1.region002,Others,BiG-SCAPE unknown,GCF_132,antiSMASH unknown,BiG-FAM unknown,ARTS2 match,1.0,1
597,NZ_JADDUE010000005.1.region001,Terpene,BiG-SCAPE unknown,GCF_65,antiSMASH unknown,BiG-FAM unknown,ARTS2 unknown,4.0,1
598,NZ_JADDUE010000006.1.region001,NRPS,BiG-SCAPE unknown,GCF_55,antiSMASH unknown,BiG-FAM unknown,ARTS2 match,4.0,1
599,NZ_JADDUE010000007.1.region001,Others,BiG-SCAPE unknown,GCF_128,antiSMASH unknown,BiG-FAM unknown,ARTS2 unknown,1.0,1
600,NZ_JADDUE010000008.1.region001,Others,BiG-SCAPE unknown,GCF_154,antiSMASH unknown,BiG-FAM unknown,ARTS2 unknown,1.0,1
601,NZ_JADDUE010000008.1.region002,Others,BiG-SCAPE unknown,GCF_149,antiSMASH unknown,BiG-FAM unknown,ARTS2 match,1.0,1
602,NZ_JADDUE010000009.1.region001,Saccharides,BiG-SCAPE unknown,GCF_196,antiSMASH unknown,BiG-FAM unknown,ARTS2 unknown,1.0,1
603,NZ_JADDUE010000010.1.region001,RiPPs,BiG-SCAPE unknown,GCF_209,antiSMASH unknown,BiG-FAM unknown,ARTS2 match,1.0,1
604,NZ_JADDUE010000011.1.region001,PKSother,BiG-SCAPE unknown,GCF_290,antiSMASH unknown,BiG-FAM unknown,ARTS2 unknown,1.0,1
605,NZ_JADDUE010000012.1.region001,Saccharides,BiG-SCAPE unknown,GCF_194,antiSMASH unknown,BiG-FAM unknown,ARTS2 match,1.0,1
606,NZ_JADDUE010000013.1.region001,Others,BiG-SCAPE unknown,GCF_145,antiSMASH unknown,BiG-FAM unknown,ARTS2 unknown,1.0,1
607,NZ_JADDUE010000013.1.region002,Others,BiG-SCAPE unknown,GCF_131,antiSMASH unknown,BiG-FAM unknown,ARTS2 unknown,1.0,1
608,NZ_JADDUE010000015.1.region001,RiPPs,BiG-SCAPE unknown,GCF_200,antiSMASH unknown,BiG-FAM match,ARTS2 unknown,1.0,1
609,NZ_JADDUE010000016.1.region001,NRPS,BiG-SCAPE unknown,GCF_260,antiSMASH unknown,BiG-FAM unknown,ARTS2 unknown,1.0,1
610,NZ_JADDUE010000018.1.region001,Others,BiG-SCAPE unknown,GCF_193,antiSMASH unknown,BiG-FAM match,ARTS2 unknown,1.0,1
611,NZ_JADDUE010000019.1.region001,RiPPs,BiG-SCAPE unknown,GCF_47,antiSMASH known,BiG-FAM unknown,ARTS2 match,4.0,1
612,NZ_JADDUE010000020.1.region001,RiPPs,BiG-SCAPE unknown,GCF_217,antiSMASH unknown,BiG-FAM match,ARTS2 match,1.0,1
613,NZ_JADDUE010000021.1.region001,Others,BiG-SCAPE unknown,GCF_152,antiSMASH unknown,BiG-FAM unknown,ARTS2 unknown,1.0,1
614,NZ_CP061007.1.region001,PKSother,BiG-SCAPE unknown,GCF_93,antiSMASH unknown,BiG-FAM match,ARTS2 unknown,3.0,1
615,NZ_CP061007.1.region002,Others,BiG-SCAPE unknown,GCF_73,antiSMASH unknown,BiG-FAM match,ARTS2 match,3.0,1
616,NZ_CP061007.1.region003,Others,BiG-SCAPE unknown,GCF_16,antiSMASH unknown,BiG-FAM match,ARTS2 unknown,5.0,1
617,NZ_CP061007.1.region004,Terpene,BiG-SCAPE unknown,GCF_95,antiSMASH unknown,BiG-FAM unknown,ARTS2 match,3.0,1
618,NZ_CP061007.1.region005,NRPS,BiG-SCAPE unknown,GCF_89,antiSMASH unknown,BiG-FAM match,ARTS2 unknown,3.0,1
619,NZ_CP061007.1.region006,PKSother,BiG-SCAPE unknown,GCF_293,antiSMASH known,BiG-FAM unknown,ARTS2 match,1.0,1
620,NZ_CP061007.1.region007,NRPS,BiG-SCAPE unknown,GCF_112,antiSMASH unknown,BiG-FAM match,ARTS2 unknown,2.0,1
621,NZ_CP061007.1.region008,NRPS,BiG-SCAPE unknown,GCF_87,antiSMASH unknown,BiG-FAM match,ARTS2 unknown,3.0,1
622,NZ_CP061007.1.region009,Others,BiG-SCAPE unknown,GCF_15,antiSMASH unknown,BiG-FAM match,ARTS2 unknown,5.0,1
623,NZ_CP061007.1.region010,PKSother,BiG-SCAPE unknown,GCF_63,antiSMASH unknown,BiG-FAM match,ARTS2 unknown,4.0,1
624,NZ_CP061007.1.region011,Others,BiG-SCAPE unknown,GCF_78,antiSMASH unknown,BiG-FAM unknown,ARTS2 match,3.0,1
625,NZ_CP061007.1.region012,Terpene,BiG-SCAPE unknown,GCF_2,antiSMASH unknown,BiG-FAM match,ARTS2 match,26.0,1
626,NZ_CP061007.1.region013,Others,BiG-SCAPE unknown,GCF_1,antiSMASH known,BiG-FAM match,ARTS2 match,26.0,1
627,NZ_CP061007.1.region014,PKS-NRP_Hybrids,BiG-SCAPE unknown,GCF_85,antiSMASH unknown,BiG-FAM match,ARTS2 match,3.0,1
628,NZ_CP061007.1.region015,NRPS,BiG-SCAPE unknown,GCF_3,antiSMASH unknown,BiG-FAM match,ARTS2 match,19.0,1
629,NZ_CP061007.1.region016,Others,BiG-SCAPE unknown,GCF_5,antiSMASH unknown,BiG-FAM match,ARTS2 unknown,9.0,1
630,NZ_CP061007.1.region017,NRPS,BiG-SCAPE unknown,GCF_88,antiSMASH unknown,BiG-FAM match,ARTS2 unknown,3.0,1
631,NZ_CP061007.1.region018,Others,BiG-SCAPE unknown,GCF_70,antiSMASH unknown,BiG-FAM match,ARTS2 match,3.0,1
632,NZ_CP061007.1.region019,PKSI,BiG-SCAPE unknown,GCF_114,antiSMASH unknown,BiG-FAM unknown,ARTS2 unknown,2.0,1
633,NZ_CP061007.1.region020,NRPS,BiG-SCAPE unknown,GCF_53,antiSMASH unknown,BiG-FAM match,ARTS2 match,4.0,1
634,NZ_CP061007.1.region021,Others,BiG-SCAPE unknown,GCF_40,antiSMASH unknown,BiG-FAM match,ARTS2 match,4.0,1
635,NZ_CP061007.1.region022,Terpene,BiG-SCAPE unknown,GCF_97,antiSMASH unknown,BiG-FAM match,ARTS2 unknown,3.0,1
636,NZ_CP061007.1.region023,NRPS,BiG-SCAPE unknown,GCF_56,antiSMASH known,BiG-FAM match,ARTS2 unknown,4.0,1
637,NZ_CP061007.1.region024,Others,BiG-SCAPE unknown,GCF_77,antiSMASH unknown,BiG-FAM unknown,ARTS2 unknown,3.0,1
638,NZ_CP061007.1.region025,Others,BiG-SCAPE unknown,GCF_79,antiSMASH unknown,BiG-FAM match,ARTS2 unknown,3.0,1
639,NZ_CP061007.1.region026,Others,BiG-SCAPE unknown,GCF_11,antiSMASH unknown,BiG-FAM match,ARTS2 unknown,5.0,1
640,NZ_CP061007.1.region027,Others,BiG-SCAPE unknown,GCF_76,antiSMASH unknown,BiG-FAM unknown,ARTS2 unknown,3.0,1
641,NZ_CP061007.1.region028,PKSother,BiG-SCAPE unknown,GCF_91,antiSMASH unknown,BiG-FAM unknown,ARTS2 match,3.0,1
642,NZ_CP061007.1.region029,Terpene,BiG-SCAPE unknown,GCF_4,antiSMASH unknown,BiG-FAM match,ARTS2 match,18.0,1
643,NZ_CP061007.1.region030,RiPPs,BiG-SCAPE unknown,GCF_82,antiSMASH unknown,BiG-FAM unknown,ARTS2 unknown,3.0,1
644,NZ_CP061007.1.region031,Others,BiG-SCAPE unknown,GCF_74,antiSMASH unknown,BiG-FAM match,ARTS2 unknown,3.0,1
645,NZ_CP061007.1.region032,Terpene,BiG-SCAPE unknown,GCF_94,antiSMASH known,BiG-FAM match,ARTS2 match,3.0,1
646,NZ_CP061007.1.region033,PKS-NRP_Hybrids,BiG-SCAPE unknown,GCF_83,antiSMASH unknown,BiG-FAM unknown,ARTS2 unknown,3.0,1
647,NZ_CP061007.1.region034,Terpene,BiG-SCAPE unknown,GCF_98,antiSMASH known,BiG-FAM match,ARTS2 match,3.0,1
648,NZ_CP061007.1.region035,Others,BiG-SCAPE unknown,GCF_75,antiSMASH known,BiG-FAM match,ARTS2 match,3.0,1
649,NZ_CP061007.1.region036,PKSother,BiG-SCAPE unknown,GCF_92,antiSMASH unknown,BiG-FAM match,ARTS2 match,3.0,1
650,NZ_CP061007.1.region037,Others,BiG-SCAPE unknown,GCF_37,antiSMASH unknown,BiG-FAM match,ARTS2 unknown,4.0,1
651,NZ_PJNB01000001.1.region001,Others,BiG-SCAPE unknown,GCF_1,antiSMASH known,BiG-FAM match,ARTS2 match,26.0,1
652,NZ_PJNB01000001.1.region002,PKS-NRP_Hybrids,BiG-SCAPE unknown,GCF_85,antiSMASH unknown,BiG-FAM match,ARTS2 match,3.0,1
653,NZ_PJNB01000001.1.region003,NRPS,BiG-SCAPE unknown,GCF_3,antiSMASH unknown,BiG-FAM match,ARTS2 match,19.0,1
654,NZ_PJNB01000001.1.region004,Others,BiG-SCAPE unknown,GCF_5,antiSMASH unknown,BiG-FAM match,ARTS2 unknown,9.0,1
655,NZ_PJNB01000001.1.region005,NRPS,BiG-SCAPE unknown,GCF_88,antiSMASH unknown,BiG-FAM match,ARTS2 unknown,3.0,1
656,NZ_PJNB01000001.1.region006,Others,BiG-SCAPE unknown,GCF_70,antiSMASH unknown,BiG-FAM match,ARTS2 match,3.0,1
657,NZ_PJNB01000001.1.region007,PKSI,BiG-SCAPE unknown,GCF_114,antiSMASH unknown,BiG-FAM unknown,ARTS2 unknown,2.0,1
658,NZ_PJNB01000001.1.region008,NRPS,BiG-SCAPE unknown,GCF_53,antiSMASH unknown,BiG-FAM match,ARTS2 match,4.0,1
659,NZ_PJNB01000001.1.region009,Others,BiG-SCAPE unknown,GCF_40,antiSMASH unknown,BiG-FAM match,ARTS2 match,4.0,1
660,NZ_PJNB01000001.1.region010,Terpene,BiG-SCAPE unknown,GCF_97,antiSMASH unknown,BiG-FAM match,ARTS2 unknown,3.0,1
661,NZ_PJNB01000001.1.region011,NRPS,BiG-SCAPE unknown,GCF_56,antiSMASH known,BiG-FAM match,ARTS2 unknown,4.0,1
662,NZ_PJNB01000001.1.region012,Others,BiG-SCAPE unknown,GCF_77,antiSMASH unknown,BiG-FAM unknown,ARTS2 unknown,3.0,1
663,NZ_PJNB01000001.1.region013,Others,BiG-SCAPE unknown,GCF_79,antiSMASH unknown,BiG-FAM match,ARTS2 unknown,3.0,1
664,NZ_PJNB01000001.1.region014,Others,BiG-SCAPE unknown,GCF_11,antiSMASH unknown,BiG-FAM match,ARTS2 unknown,5.0,1
665,NZ_PJNB01000001.1.region015,Others,BiG-SCAPE unknown,GCF_76,antiSMASH unknown,BiG-FAM unknown,ARTS2 unknown,3.0,1
666,NZ_PJNB01000001.1.region016,PKSother,BiG-SCAPE unknown,GCF_91,antiSMASH unknown,BiG-FAM unknown,ARTS2 match,3.0,1
667,NZ_PJNB01000001.1.region017,Terpene,BiG-SCAPE unknown,GCF_4,antiSMASH unknown,BiG-FAM match,ARTS2 match,18.0,1
668,NZ_PJNB01000001.1.region018,RiPPs,BiG-SCAPE unknown,GCF_82,antiSMASH unknown,BiG-FAM unknown,ARTS2 unknown,3.0,1
669,NZ_PJNB01000001.1.region019,Others,BiG-SCAPE unknown,GCF_74,antiSMASH unknown,BiG-FAM match,ARTS2 unknown,3.0,1
670,NZ_PJNB01000001.1.region020,Terpene,BiG-SCAPE unknown,GCF_94,antiSMASH known,BiG-FAM match,ARTS2 match,3.0,1
671,NZ_PJNB01000001.1.region021,PKS-NRP_Hybrids,BiG-SCAPE unknown,GCF_83,antiSMASH unknown,BiG-FAM unknown,ARTS2 unknown,3.0,1
672,NZ_PJNB01000001.1.region022,Terpene,BiG-SCAPE unknown,GCF_98,antiSMASH known,BiG-FAM match,ARTS2 match,3.0,1
673,NZ_PJNB01000001.1.region023,Others,BiG-SCAPE unknown,GCF_75,antiSMASH known,BiG-FAM match,ARTS2 match,3.0,1
674,NZ_PJNB01000001.1.region024,PKSother,BiG-SCAPE unknown,GCF_92,antiSMASH unknown,BiG-FAM match,ARTS2 match,3.0,1
675,NZ_PJNB01000001.1.region025,Others,BiG-SCAPE unknown,GCF_37,antiSMASH unknown,BiG-FAM match,ARTS2 unknown,4.0,1
676,NZ_PJNB01000001.1.region026,PKSother,BiG-SCAPE unknown,GCF_93,antiSMASH unknown,BiG-FAM match,ARTS2 unknown,3.0,1
677,NZ_PJNB01000001.1.region027,Others,BiG-SCAPE unknown,GCF_73,antiSMASH unknown,BiG-FAM match,ARTS2 match,3.0,1
678,NZ_PJNB01000001.1.region028,Others,BiG-SCAPE unknown,GCF_16,antiSMASH unknown,BiG-FAM match,ARTS2 unknown,5.0,1
679,NZ_PJNB01000001.1.region029,Terpene,BiG-SCAPE unknown,GCF_95,antiSMASH unknown,BiG-FAM unknown,ARTS2 match,3.0,1
680,NZ_PJNB01000001.1.region030,NRPS,BiG-SCAPE unknown,GCF_89,antiSMASH unknown,BiG-FAM match,ARTS2 unknown,3.0,1
681,NZ_PJNB01000001.1.region031,PKSI,BiG-SCAPE known,GCF_113,antiSMASH known,BiG-FAM match,ARTS2 unknown,1.0,1
682,NZ_PJNB01000001.1.region032,NRPS,BiG-SCAPE unknown,GCF_112,antiSMASH unknown,BiG-FAM match,ARTS2 unknown,2.0,1
683,NZ_PJNB01000001.1.region033,NRPS,BiG-SCAPE unknown,GCF_87,antiSMASH unknown,BiG-FAM match,ARTS2 unknown,3.0,1
684,NZ_PJNB01000001.1.region034,Others,BiG-SCAPE unknown,GCF_15,antiSMASH unknown,BiG-FAM match,ARTS2 unknown,5.0,1
685,NZ_PJNB01000001.1.region035,PKSother,BiG-SCAPE unknown,GCF_63,antiSMASH unknown,BiG-FAM match,ARTS2 unknown,4.0,1
686,NZ_PJNB01000001.1.region036,Others,BiG-SCAPE unknown,GCF_78,antiSMASH unknown,BiG-FAM unknown,ARTS2 match,3.0,1
687,NZ_PJNB01000001.1.region037,Terpene,BiG-SCAPE unknown,GCF_2,antiSMASH unknown,BiG-FAM match,ARTS2 match,26.0,1
688,NZ_GL877878.1.region001,Others,BiG-SCAPE unknown,GCF_74,antiSMASH unknown,BiG-FAM match,ARTS2 unknown,3.0,1
689,NZ_GL877878.1.region002,RiPPs,BiG-SCAPE unknown,GCF_82,antiSMASH unknown,BiG-FAM unknown,ARTS2 unknown,3.0,1
690,NZ_GL877878.1.region003,Terpene,BiG-SCAPE unknown,GCF_4,antiSMASH unknown,BiG-FAM match,ARTS2 match,18.0,1
691,NZ_GL877878.1.region004,PKSother,BiG-SCAPE unknown,GCF_91,antiSMASH unknown,BiG-FAM unknown,ARTS2 match,3.0,1
692,NZ_GL877878.1.region005,Others,BiG-SCAPE unknown,GCF_76,antiSMASH unknown,BiG-FAM unknown,ARTS2 unknown,3.0,1
693,NZ_GL877878.1.region006,Others,BiG-SCAPE unknown,GCF_11,antiSMASH unknown,BiG-FAM match,ARTS2 unknown,5.0,1
694,NZ_GL877878.1.region007,PKS-NRP_Hybrids,BiG-SCAPE unknown,GCF_85,antiSMASH unknown,BiG-FAM match,ARTS2 match,3.0,1
695,NZ_GL877878.1.region008,NRPS,BiG-SCAPE unknown,GCF_3,antiSMASH unknown,BiG-FAM match,ARTS2 match,19.0,1
696,NZ_GL877878.1.region009,NRPS,BiG-SCAPE unknown,GCF_87,antiSMASH unknown,BiG-FAM match,ARTS2 unknown,3.0,1
697,NZ_GL877878.1.region010,PKSI,BiG-SCAPE unknown,GCF_275,antiSMASH unknown,BiG-FAM match,ARTS2 unknown,1.0,1
698,NZ_GL877878.1.region011,Others,BiG-SCAPE unknown,GCF_70,antiSMASH unknown,BiG-FAM match,ARTS2 match,3.0,1
699,NZ_GL877878.1.region012,NRPS,BiG-SCAPE unknown,GCF_88,antiSMASH unknown,BiG-FAM match,ARTS2 unknown,3.0,1
700,NZ_GL877878.1.region013,Others,BiG-SCAPE unknown,GCF_5,antiSMASH unknown,BiG-FAM match,ARTS2 unknown,9.0,1
701,NZ_GL877879.1.region001,Others,BiG-SCAPE unknown,GCF_37,antiSMASH unknown,BiG-FAM match,ARTS2 unknown,4.0,1
702,NZ_GL877879.1.region002,PKSother,BiG-SCAPE unknown,GCF_92,antiSMASH unknown,BiG-FAM match,ARTS2 match,3.0,1
703,NZ_GL877879.1.region003,Others,BiG-SCAPE unknown,GCF_1,antiSMASH known,BiG-FAM match,ARTS2 match,26.0,1
704,NZ_GL877879.1.region004,PKS-NRP_Hybrids,BiG-SCAPE unknown,GCF_237,antiSMASH known,BiG-FAM match,ARTS2 match,1.0,1
705,NZ_GL877879.1.region005,PKSother,BiG-SCAPE unknown,GCF_63,antiSMASH unknown,BiG-FAM match,ARTS2 unknown,4.0,1
706,NZ_GL877879.1.region006,Others,BiG-SCAPE unknown,GCF_78,antiSMASH unknown,BiG-FAM unknown,ARTS2 match,3.0,1
707,NZ_GL877879.1.region007,Terpene,BiG-SCAPE unknown,GCF_2,antiSMASH unknown,BiG-FAM match,ARTS2 match,26.0,1
708,NZ_GL877879.1.region008,Others,BiG-SCAPE unknown,GCF_15,antiSMASH unknown,BiG-FAM match,ARTS2 unknown,5.0,1
709,NZ_GL877879.1.region009,Others,BiG-SCAPE unknown,GCF_40,antiSMASH unknown,BiG-FAM match,ARTS2 match,4.0,1
710,NZ_GL877879.1.region010,Terpene,BiG-SCAPE unknown,GCF_94,antiSMASH known,BiG-FAM match,ARTS2 match,3.0,1
711,NZ_GL877879.1.region011,PKS-NRP_Hybrids,BiG-SCAPE unknown,GCF_83,antiSMASH unknown,BiG-FAM unknown,ARTS2 unknown,3.0,1
712,NZ_GL877879.1.region012,Terpene,BiG-SCAPE unknown,GCF_98,antiSMASH known,BiG-FAM match,ARTS2 match,3.0,1
713,NZ_GL877879.1.region013,Others,BiG-SCAPE unknown,GCF_75,antiSMASH known,BiG-FAM match,ARTS2 match,3.0,1
714,NZ_GL877881.1.region001,PKSother,BiG-SCAPE unknown,GCF_93,antiSMASH unknown,BiG-FAM match,ARTS2 unknown,3.0,1
715,NZ_GL877881.1.region002,Others,BiG-SCAPE unknown,GCF_73,antiSMASH unknown,BiG-FAM match,ARTS2 match,3.0,1
716,NZ_GL877881.1.region003,Others,BiG-SCAPE unknown,GCF_16,antiSMASH unknown,BiG-FAM match,ARTS2 unknown,5.0,1
717,NZ_GL877881.1.region004,Terpene,BiG-SCAPE unknown,GCF_95,antiSMASH unknown,BiG-FAM unknown,ARTS2 match,3.0,1
718,NZ_GL877881.1.region005,NRPS,BiG-SCAPE unknown,GCF_89,antiSMASH unknown,BiG-FAM match,ARTS2 unknown,3.0,1
719,NZ_GL877882.1.region001,Terpene,BiG-SCAPE unknown,GCF_97,antiSMASH unknown,BiG-FAM match,ARTS2 unknown,3.0,1
720,NZ_GL877882.1.region002,NRPS,BiG-SCAPE unknown,GCF_56,antiSMASH known,BiG-FAM match,ARTS2 unknown,4.0,1
721,NZ_GL877882.1.region003,Others,BiG-SCAPE unknown,GCF_77,antiSMASH unknown,BiG-FAM unknown,ARTS2 unknown,3.0,1
722,NZ_GL877882.1.region004,Others,BiG-SCAPE unknown,GCF_79,antiSMASH unknown,BiG-FAM match,ARTS2 unknown,3.0,1
723,NZ_GL877886.1.region001,PKSI,BiG-SCAPE unknown,GCF_267,antiSMASH unknown,BiG-FAM match,ARTS2 unknown,1.0,1
