feat_id,file_id,seq_id,start,end,strand,type,introns,parent_ids,source,score,phase,name,subregion_number,a_stool,contig_edge,label,tool,candidate_cluster_numbers,product,region_number,rules,subregion_numbers,locus_tag.x,gene_functions,gene_kind,transl_table,inference,protein_id,detection_rule,neighbourhood,protocluster_number,cutoff,category,core_location,kind,candidate_cluster_number,detection_rules,protoclusters,ec_number,sec_met_domain,dbxref,note,geom_id,cluster_id,cluster_n,locus_tag.y,cluster_label
cds-DMCKNNNH_53260,Staphylobactin_6.1.1,NZ_CP040605.1.region017,197,376,+,CDS,,,NA,NA,0,NA,NA,NA,NA,NA,NA,NA,hypothetical protein,NA,NA,NA,DMCKNNNH_53260,NA,NA,11,ab initio prediction:Prodigal:002006,NA,NA,NA,NA,NA,NA,NA,NA,NA,NA,NA,NA,NA,NA,NA,cds-DMCKNNNH_53260,cog_20,1,DMCKNNNH_53260,rare
cds-DMCKNNNH_53270,Staphylobactin_6.1.1,NZ_CP040605.1.region017,483,743,+,CDS,,,NA,NA,0,NA,NA,NA,NA,NA,NA,NA,hypothetical protein,NA,NA,NA,DMCKNNNH_53270,NA,NA,11,ab initio prediction:Prodigal:002006,NA,NA,NA,NA,NA,NA,NA,NA,NA,NA,NA,NA,NA,NA,NA,cds-DMCKNNNH_53270,cog_21,1,DMCKNNNH_53270,rare
cds-DMCKNNNH_53280,Staphylobactin_6.1.1,NZ_CP040605.1.region017,682,1014,+,CDS,,,NA,NA,0,NA,NA,NA,NA,NA,NA,NA,Insertion element IS6110 uncharacterized 12.0 kDaprotein,NA,NA,NA,DMCKNNNH_53280,other (smcogs) SMCOG1164:transposaseIS3/IS911 family protein (Score: 95.6%3b E-value: 2.3e-29),other,11,"ab initio prediction:Prodigal:002006,similar to AA sequence:UniProtKB:P9WKH5",NA,NA,NA,NA,NA,NA,NA,NA,NA,NA,NA,NA,NA,COG:COG2963,NA,cds-DMCKNNNH_53280,cog_22,1,DMCKNNNH_53280,rare
cds-DMCKNNNH_53290,Staphylobactin_6.1.1,NZ_CP040605.1.region017,1059,1919,+,CDS,,,NA,NA,0,NA,NA,NA,NA,NA,NA,NA,IS3 family transposase ISPmi1,NA,NA,NA,DMCKNNNH_53290,other (smcogs) SMCOG1026:transposase(Score: 306.6%3b E-value: 2.1e-93),other,11,"ab initio prediction:Prodigal:002006,similar to AA sequence:ISfinder:ISPmi1",NA,NA,NA,NA,NA,NA,NA,NA,NA,NA,NA,NA,NA,NA,NA,cds-DMCKNNNH_53290,cog_23,1,DMCKNNNH_53290,rare
cds-DMCKNNNH_53300,Staphylobactin_6.1.1,NZ_CP040605.1.region017,2989,3972,+,CDS,,,NA,NA,0,sbnA_2,NA,NA,NA,NA,NA,NA,N-(2-amino-2-carboxyethyl)-L-glutamate synthase,NA,NA,NA,DMCKNNNH_53300,biosynthetic-additional (smcogs)SMCOG1081:cysteine synthase (Score: 380.8%3b E-value:6.6e-116),biosynthetic-additional,11,"ab initio prediction:Prodigal:002006,similar to AA sequence:UniProtKB:A6QDA0",NA,NA,NA,NA,NA,NA,NA,NA,NA,NA,NA,2.5.1.140,NA,NA,NA,cds-DMCKNNNH_53300,cog_03,9,DMCKNNNH_53300,cog_03 (9)
cds-DMCKNNNH_53310,Staphylobactin_6.1.1,NZ_CP040605.1.region017,3988,5001,+,CDS,,,NA,NA,0,sbnB,NA,NA,NA,NA,NA,NA,N-((2S)-2-amino-2-carboxyethyl)-L-glutamatedehydrogenase,NA,NA,NA,DMCKNNNH_53310,biosynthetic-additional (smcogs)SMCOG1158:ornithine cyclodeaminase (Score: 327.3%3b E-value:1.3e-99),biosynthetic-additional,11,"ab initio prediction:Prodigal:002006,similar to AA sequence:UniProtKB:Q2G1N2",NA,NA,NA,NA,NA,NA,NA,NA,NA,NA,NA,1.5.1.51,NA,COG:COG2423,NA,cds-DMCKNNNH_53310,cog_04,9,DMCKNNNH_53310,cog_04 (9)
cds-DMCKNNNH_53320,Staphylobactin_6.1.1,NZ_CP040605.1.region017,5001,6725,+,CDS,,,NA,NA,0,sbnC,NA,NA,NA,NA,NA,NA,Staphyloferrin B synthase,NA,NA,NA,DMCKNNNH_53320,biosynthetic (rule-based-clusters)siderophore: IucA_IucC,biosynthetic,11,"ab initio prediction:Prodigal:002006,similar to AA sequence:UniProtKB:Q2G1N1",NA,NA,NA,NA,NA,NA,NA,NA,NA,NA,NA,6.3.2.56,"IucA_IucC (E-value: 3.3e-47, bitscore:159.8, seeds: 168, tool: rule-based-clusters)",COG:COG4264,NA,cds-DMCKNNNH_53320,cog_01,17,DMCKNNNH_53320,cog_01 (17)
cds-DMCKNNNH_53330,Staphylobactin_6.1.1,NZ_CP040605.1.region017,6725,7942,+,CDS,,,NA,NA,0,sbnD,NA,NA,NA,NA,NA,NA,Staphyloferrin B transporter,NA,NA,NA,DMCKNNNH_53330,transport (smcogs) SMCOG1184:majorfacilitator transporter (Score: 78.5%3b E-value: 6.5e-24),transport,11,"ab initio prediction:Prodigal:002006,similar to AA sequence:UniProtKB:Q2G1N0",NA,NA,NA,NA,NA,NA,NA,NA,NA,NA,NA,NA,NA,NA,NA,cds-DMCKNNNH_53330,cog_05,9,DMCKNNNH_53330,cog_05 (9)
cds-DMCKNNNH_53340,Staphylobactin_6.1.1,NZ_CP040605.1.region017,8246,9889,+,CDS,,,NA,NA,0,sbnE,NA,NA,NA,NA,NA,NA,"L-2,3-diaminopropanoate--citrate ligase",NA,NA,NA,DMCKNNNH_53340,biosynthetic (rule-based-clusters)siderophore: IucA_IucC,biosynthetic,11,"ab initio prediction:Prodigal:002006,similar to AA sequence:UniProtKB:Q2G1M9",NA,NA,NA,NA,NA,NA,NA,NA,NA,NA,NA,6.3.2.54,"IucA_IucC (E-value: 4.4e-58, bitscore:195.5, seeds: 168, tool: rule-based-clusters)",COG:COG4264,NA,cds-DMCKNNNH_53340,cog_01,17,DMCKNNNH_53340,cog_01 (17)
cds-DMCKNNNH_53350,Staphylobactin_6.1.1,NZ_CP040605.1.region017,9886,11649,+,CDS,,,NA,NA,0,sbnF,NA,NA,NA,NA,NA,NA,2-[(L-alanin-3-ylcarbamoyl)methyl]-3-(2-aminoethylcarbamoyl)-2-hydroxypropanoate synthase,NA,NA,NA,DMCKNNNH_53350,biosynthetic (rule-based-clusters)siderophore: IucA_IucC,biosynthetic,11,"ab initio prediction:Prodigal:002006,similar to AA sequence:UniProtKB:Q2G1M8",NA,NA,NA,NA,NA,NA,NA,NA,NA,NA,NA,6.3.2.55,"IucA_IucC (E-value: 8.4e-67, bitscore:224.1, seeds: 168, tool: rule-based-clusters)",COG:COG4264,NA,cds-DMCKNNNH_53350,cog_02,10,DMCKNNNH_53350,cog_02 (10)
cds-DMCKNNNH_53360,Staphylobactin_6.1.1,NZ_CP040605.1.region017,11643,12416,+,CDS,,,NA,NA,0,garL,NA,NA,NA,NA,NA,NA,5-keto-4-deoxy-D-glucarate aldolase,NA,NA,NA,DMCKNNNH_53360,NA,NA,11,"ab initio prediction:Prodigal:002006,similar to AA sequence:UniProtKB:P23522",NA,NA,NA,NA,NA,NA,NA,NA,NA,NA,NA,4.1.2.20,NA,COG:COG3836,NA,cds-DMCKNNNH_53360,cog_07,9,DMCKNNNH_53360,cog_07 (9)
cds-DMCKNNNH_53370,Staphylobactin_6.1.1,NZ_CP040605.1.region017,12409,13602,+,CDS,,,NA,NA,0,sbnH,NA,NA,NA,NA,NA,NA,2-[(L-alanin-3-ylcarbamoyl)methyl]-2-hydroxybutanedioate decarboxylase,NA,NA,NA,DMCKNNNH_53370,"biosynthetic-additional(rule-based-clusters) Orn_DAP_Arg_deC,biosynthetic-additional(rule-based-clusters) Orn_Arg_deC_N,biosynthetic-additional (smcogs)SMCOG1264:diaminopimelate decarboxylase (Score: 318.9%3bE-value: 5.5e-97)",biosynthetic-additional,11,"ab initio prediction:Prodigal:002006,similar to AA sequence:UniProtKB:Q2G1M6",NA,NA,NA,NA,NA,NA,NA,NA,NA,NA,NA,4.1.1.117,"Orn_DAP_Arg_deC (E-value: 3.2e-14,bitscore: 51.7, seeds: 500, tool: rule-based-clusters),Orn_Arg_deC_N (E-value: 5.1e-35, bitscore:119.8, seeds: 15, tool: rule-based-clusters)",COG:COG0019,NA,cds-DMCKNNNH_53370,cog_06,9,DMCKNNNH_53370,cog_06 (9)
cds-DMCKNNNH_53380,Staphylobactin_6.1.1,NZ_CP040605.1.region017,13696,14445,-,CDS,,,NA,NA,0,NA,NA,NA,NA,NA,NA,NA,hypothetical protein,NA,NA,NA,DMCKNNNH_53380,NA,NA,11,ab initio prediction:Prodigal:002006,NA,NA,NA,NA,NA,NA,NA,NA,NA,NA,NA,NA,NA,NA,NA,cds-DMCKNNNH_53380,cog_08,5,DMCKNNNH_53380,medium
cds-DMCKNNNH_53390,Staphylobactin_6.1.1,NZ_CP040605.1.region017,14635,15621,-,CDS,,,NA,NA,0,NA,NA,NA,NA,NA,NA,NA,hypothetical protein,NA,NA,NA,DMCKNNNH_53390,NA,NA,11,ab initio prediction:Prodigal:002006,NA,NA,NA,NA,NA,NA,NA,NA,NA,NA,NA,NA,NA,NA,NA,cds-DMCKNNNH_53390,cog_24,1,DMCKNNNH_53390,rare
cds-DMCKNNNH_53400,Staphylobactin_6.1.1,NZ_CP040605.1.region017,15875,16471,+,CDS,,,NA,NA,0,NA,NA,NA,NA,NA,NA,NA,hypothetical protein,NA,NA,NA,DMCKNNNH_53400,NA,NA,11,ab initio prediction:Prodigal:002006,NA,NA,NA,NA,NA,NA,NA,NA,NA,NA,NA,NA,NA,NA,NA,cds-DMCKNNNH_53400,cog_25,1,DMCKNNNH_53400,rare
cds-FLBDJKNF_30270,Staphylobactin_6.1.1,NZ_JAGPXE010000002.1.region001,641,2110,-,CDS,,,NA,NA,0,NA,NA,NA,NA,NA,NA,NA,Bifunctional sulfatase/alpha-L-rhamnosidase,NA,NA,NA,FLBDJKNF_30270,NA,NA,11,"ab initio prediction:Prodigal:002006,similar to AA sequence:UniProtKB:T2KM26",NA,NA,NA,NA,NA,NA,NA,NA,NA,NA,NA,NA,NA,NA,NA,cds-FLBDJKNF_30270,cog_12,2,FLBDJKNF_30270,rare
cds-FLBDJKNF_30280,Staphylobactin_6.1.1,NZ_JAGPXE010000002.1.region001,2333,2851,-,CDS,,,NA,NA,0,COQ5_8,NA,NA,NA,NA,NA,NA,"2-methoxy-6-polyprenyl-1,4-benzoquinol methylase,mitochondrial",NA,NA,NA,FLBDJKNF_30280,biosynthetic-additional (smcogs)SMCOG1089:methyltransferase (Score: 99.2%3b E-value:4.3e-30),biosynthetic-additional,11,"ab initio prediction:Prodigal:002006,protein motif:HAMAP:MF_01813",NA,NA,NA,NA,NA,NA,NA,NA,NA,NA,NA,2.1.1.163,NA,NA,NA,cds-FLBDJKNF_30280,cog_32,1,FLBDJKNF_30280,rare
cds-FLBDJKNF_30290,Staphylobactin_6.1.1,NZ_JAGPXE010000002.1.region001,3062,4240,-,CDS,,,NA,NA,0,sbnH,NA,NA,NA,NA,NA,NA,2-[(L-alanin-3-ylcarbamoyl)methyl]-2-hydroxybutanedioate decarboxylase,NA,NA,NA,FLBDJKNF_30290,"biosynthetic-additional(rule-based-clusters) Orn_DAP_Arg_deC,biosynthetic-additional(rule-based-clusters) Orn_Arg_deC_N,biosynthetic-additional (smcogs)SMCOG1264:diaminopimelate decarboxylase (Score: 333.4%3bE-value: 2.2e-101)",biosynthetic-additional,11,"ab initio prediction:Prodigal:002006,similar to AA sequence:UniProtKB:Q2G1M6",NA,NA,NA,NA,NA,NA,NA,NA,NA,NA,NA,4.1.1.117,"Orn_DAP_Arg_deC (E-value: 5.9e-17,bitscore: 57.2, seeds: 500, tool: rule-based-clusters),Orn_Arg_deC_N (E-value: 1.5e-35, bitscore:118.2, seeds: 15, tool: rule-based-clusters)",COG:COG0019,NA,cds-FLBDJKNF_30290,cog_06,9,FLBDJKNF_30290,cog_06 (9)
cds-FLBDJKNF_30300,Staphylobactin_6.1.1,NZ_JAGPXE010000002.1.region001,4237,5007,-,CDS,,,NA,NA,0,garL_2,NA,NA,NA,NA,NA,NA,5-keto-4-deoxy-D-glucarate aldolase,NA,NA,NA,FLBDJKNF_30300,NA,NA,11,"ab initio prediction:Prodigal:002006,similar to AA sequence:UniProtKB:P23522",NA,NA,NA,NA,NA,NA,NA,NA,NA,NA,NA,4.1.2.20,NA,COG:COG3836,NA,cds-FLBDJKNF_30300,cog_07,9,FLBDJKNF_30300,cog_07 (9)
cds-FLBDJKNF_30310,Staphylobactin_6.1.1,NZ_JAGPXE010000002.1.region001,5001,6749,-,CDS,,,NA,NA,0,sbnF,NA,NA,NA,NA,NA,NA,2-[(L-alanin-3-ylcarbamoyl)methyl]-3-(2-aminoethylcarbamoyl)-2-hydroxypropanoate synthase,NA,NA,NA,FLBDJKNF_30310,biosynthetic (rule-based-clusters)siderophore: IucA_IucC,biosynthetic,11,"ab initio prediction:Prodigal:002006,similar to AA sequence:UniProtKB:Q2G1M8",NA,NA,NA,NA,NA,NA,NA,NA,NA,NA,NA,6.3.2.55,"IucA_IucC (E-value: 1.8e-66, bitscore:219.6, seeds: 168, tool: rule-based-clusters)",COG:COG4264,NA,cds-FLBDJKNF_30310,cog_02,10,FLBDJKNF_30310,cog_02 (10)
cds-FLBDJKNF_30320,Staphylobactin_6.1.1,NZ_JAGPXE010000002.1.region001,6746,8338,-,CDS,,,NA,NA,0,sbnE,NA,NA,NA,NA,NA,NA,"L-2,3-diaminopropanoate--citrate ligase",NA,NA,NA,FLBDJKNF_30320,biosynthetic (rule-based-clusters)siderophore: IucA_IucC,biosynthetic,11,"ab initio prediction:Prodigal:002006,similar to AA sequence:UniProtKB:Q2G1M9",NA,NA,NA,NA,NA,NA,NA,NA,NA,NA,NA,6.3.2.54,"IucA_IucC (E-value: 1.5e-54, bitscore:180.5, seeds: 168, tool: rule-based-clusters)",COG:COG4264,NA,cds-FLBDJKNF_30320,cog_01,17,FLBDJKNF_30320,cog_01 (17)
cds-FLBDJKNF_30330,Staphylobactin_6.1.1,NZ_JAGPXE010000002.1.region001,8335,9561,-,CDS,,,NA,NA,0,sbnD,NA,NA,NA,NA,NA,NA,Staphyloferrin B transporter,NA,NA,NA,FLBDJKNF_30330,transport (smcogs) SMCOG1106:majorfacilitator transporter (Score: 90.6%3b E-value: 1.4e-27),transport,11,"ab initio prediction:Prodigal:002006,similar to AA sequence:UniProtKB:Q2G1N0",NA,NA,NA,NA,NA,NA,NA,NA,NA,NA,NA,NA,NA,NA,NA,cds-FLBDJKNF_30330,cog_05,9,FLBDJKNF_30330,cog_05 (9)
cds-FLBDJKNF_30340,Staphylobactin_6.1.1,NZ_JAGPXE010000002.1.region001,9561,11213,-,CDS,,,NA,NA,0,sbnC,NA,NA,NA,NA,NA,NA,Staphyloferrin B synthase,NA,NA,NA,FLBDJKNF_30340,biosynthetic (rule-based-clusters)siderophore: IucA_IucC,biosynthetic,11,"ab initio prediction:Prodigal:002006,similar to AA sequence:UniProtKB:Q2G1N1",NA,NA,NA,NA,NA,NA,NA,NA,NA,NA,NA,6.3.2.56,"IucA_IucC (E-value: 3e-46, bitscore:153.3, seeds: 168, tool: rule-based-clusters)",COG:COG4264,NA,cds-FLBDJKNF_30340,cog_01,17,FLBDJKNF_30340,cog_01 (17)
cds-FLBDJKNF_30350,Staphylobactin_6.1.1,NZ_JAGPXE010000002.1.region001,11213,12232,-,CDS,,,NA,NA,0,sbnB,NA,NA,NA,NA,NA,NA,N-((2S)-2-amino-2-carboxyethyl)-L-glutamatedehydrogenase,NA,NA,NA,FLBDJKNF_30350,biosynthetic-additional (smcogs)SMCOG1158:ornithine cyclodeaminase (Score: 329.2%3b E-value:3.4e-100),biosynthetic-additional,11,"ab initio prediction:Prodigal:002006,similar to AA sequence:UniProtKB:Q2G1N2",NA,NA,NA,NA,NA,NA,NA,NA,NA,NA,NA,1.5.1.51,NA,COG:COG2423,NA,cds-FLBDJKNF_30350,cog_04,9,FLBDJKNF_30350,cog_04 (9)
cds-FLBDJKNF_30360,Staphylobactin_6.1.1,NZ_JAGPXE010000002.1.region001,12264,13247,-,CDS,,,NA,NA,0,sbnA_2,NA,NA,NA,NA,NA,NA,N-(2-amino-2-carboxyethyl)-L-glutamate synthase,NA,NA,NA,FLBDJKNF_30360,biosynthetic-additional (smcogs)SMCOG1081:cysteine synthase (Score: 392%3b E-value:2.6e-119),biosynthetic-additional,11,"ab initio prediction:Prodigal:002006,similar to AA sequence:UniProtKB:A6QDA0",NA,NA,NA,NA,NA,NA,NA,NA,NA,NA,NA,2.5.1.140,NA,NA,NA,cds-FLBDJKNF_30360,cog_03,9,FLBDJKNF_30360,cog_03 (9)
cds-FLBDJKNF_30370,Staphylobactin_6.1.1,NZ_JAGPXE010000002.1.region001,13615,14898,+,CDS,,,NA,NA,0,larA,NA,NA,NA,NA,NA,NA,Lactate racemase,NA,NA,NA,FLBDJKNF_30370,NA,NA,11,"ab initio prediction:Prodigal:002006,similar to AA sequence:UniProtKB:D9TQ02",NA,NA,NA,NA,NA,NA,NA,NA,NA,NA,NA,5.1.2.1,NA,COG:COG3875,NA,cds-FLBDJKNF_30370,cog_13,2,FLBDJKNF_30370,rare
cds-FLBDJKNF_30380,Staphylobactin_6.1.1,NZ_JAGPXE010000002.1.region001,14904,16061,-,CDS,,,NA,NA,NA,C2-hpah,NA,NA,NA,NA,NA,NA,"p-hydroxyphenylacetate 3-hydroxylase, oxygenasecomponent",NA,NA,NA,FLBDJKNF_30380,biosynthetic-additional (smcogs)SMCOG1191:acyl-CoA dehydrogenase type 2 (Score: 317.6%3bE-value: 1.6e-96),biosynthetic-additional,11,"ab initio prediction:Prodigal:002006,similar to AA sequence:UniProtKB:Q6Q272",NA,NA,NA,NA,NA,NA,NA,NA,NA,NA,NA,1.14.14.9,NA,NA,NA,cds-FLBDJKNF_30380,cog_33,1,FLBDJKNF_30380,rare
cds-GBGKCCPF_69070,Staphylobactin_6.1.1,NZ_GL877881.1.region003,1088,1753,-,CDS,,,NA,NA,0,betI_20,NA,NA,NA,NA,NA,NA,HTH-type transcriptional regulator BetI,NA,NA,NA,GBGKCCPF_69070,regulatory (smcogs) SMCOG1215:TetR familytranscriptional regulator (Score: 139.4%3b E-value: 2.7e-42),regulatory,11,"ab initio prediction:Prodigal:002006,protein motif:HAMAP:MF_00768",NA,NA,NA,NA,NA,NA,NA,NA,NA,NA,NA,NA,NA,NA,NA,cds-GBGKCCPF_69070,cog_09,3,GBGKCCPF_69070,rare
cds-GBGKCCPF_69080,Staphylobactin_6.1.1,NZ_GL877881.1.region003,2180,2929,+,CDS,,,NA,NA,0,NA,NA,NA,NA,NA,NA,NA,hypothetical protein,NA,NA,NA,GBGKCCPF_69080,NA,NA,11,ab initio prediction:Prodigal:002006,NA,NA,NA,NA,NA,NA,NA,NA,NA,NA,NA,NA,NA,NA,NA,cds-GBGKCCPF_69080,cog_08,5,GBGKCCPF_69080,medium
cds-GBGKCCPF_69090,Staphylobactin_6.1.1,NZ_GL877881.1.region003,3045,4238,-,CDS,,,NA,NA,0,sbnH,NA,NA,NA,NA,NA,NA,2-[(L-alanin-3-ylcarbamoyl)methyl]-2-hydroxybutanedioate decarboxylase,NA,NA,NA,GBGKCCPF_69090,"biosynthetic-additional(rule-based-clusters) Orn_DAP_Arg_deC,biosynthetic-additional(rule-based-clusters) Orn_Arg_deC_N,biosynthetic-additional (smcogs)SMCOG1264:diaminopimelate decarboxylase (Score: 319.7%3bE-value: 3.3e-97)",biosynthetic-additional,11,"ab initio prediction:Prodigal:002006,similar to AA sequence:UniProtKB:Q2G1M6",NA,NA,NA,NA,NA,NA,NA,NA,NA,NA,NA,4.1.1.117,"Orn_DAP_Arg_deC (E-value: 1.6e-15,bitscore: 52.1, seeds: 500, tool: rule-based-clusters),Orn_Arg_deC_N (E-value: 1.5e-35, bitscore:117.6, seeds: 15, tool: rule-based-clusters)",COG:COG0019,NA,cds-GBGKCCPF_69090,cog_06,9,GBGKCCPF_69090,cog_06 (9)
cds-GBGKCCPF_69100,Staphylobactin_6.1.1,NZ_GL877881.1.region003,4231,5007,-,CDS,,,NA,NA,0,garL_2,NA,NA,NA,NA,NA,NA,5-keto-4-deoxy-D-glucarate aldolase,NA,NA,NA,GBGKCCPF_69100,NA,NA,11,"ab initio prediction:Prodigal:002006,similar to AA sequence:UniProtKB:P23522",NA,NA,NA,NA,NA,NA,NA,NA,NA,NA,NA,4.1.2.20,NA,COG:COG3836,NA,cds-GBGKCCPF_69100,cog_07,9,GBGKCCPF_69100,cog_07 (9)
cds-GBGKCCPF_69110,Staphylobactin_6.1.1,NZ_GL877881.1.region003,5001,6764,-,CDS,,,NA,NA,0,sbnF,NA,NA,NA,NA,NA,NA,2-[(L-alanin-3-ylcarbamoyl)methyl]-3-(2-aminoethylcarbamoyl)-2-hydroxypropanoate synthase,NA,NA,NA,GBGKCCPF_69110,biosynthetic (rule-based-clusters)siderophore: IucA_IucC,biosynthetic,11,"ab initio prediction:Prodigal:002006,similar to AA sequence:UniProtKB:Q2G1M8",NA,NA,NA,NA,NA,NA,NA,NA,NA,NA,NA,6.3.2.55,"IucA_IucC (E-value: 8e-69, bitscore:226.8, seeds: 168, tool: rule-based-clusters)",COG:COG4264,NA,cds-GBGKCCPF_69110,cog_02,10,GBGKCCPF_69110,cog_02 (10)
cds-GBGKCCPF_69120,Staphylobactin_6.1.1,NZ_GL877881.1.region003,6761,8404,-,CDS,,,NA,NA,0,sbnE,NA,NA,NA,NA,NA,NA,"L-2,3-diaminopropanoate--citrate ligase",NA,NA,NA,GBGKCCPF_69120,biosynthetic (rule-based-clusters)siderophore: IucA_IucC,biosynthetic,11,"ab initio prediction:Prodigal:002006,similar to AA sequence:UniProtKB:Q2G1M9",NA,NA,NA,NA,NA,NA,NA,NA,NA,NA,NA,6.3.2.54,"IucA_IucC (E-value: 6.8e-61, bitscore:200.8, seeds: 168, tool: rule-based-clusters)",COG:COG4264,NA,cds-GBGKCCPF_69120,cog_01,17,GBGKCCPF_69120,cog_01 (17)
cds-GBGKCCPF_69130,Staphylobactin_6.1.1,NZ_GL877881.1.region003,8401,9618,-,CDS,,,NA,NA,0,sbnD,NA,NA,NA,NA,NA,NA,Staphyloferrin B transporter,NA,NA,NA,GBGKCCPF_69130,transport (smcogs) SMCOG1184:majorfacilitator transporter (Score: 80%3b E-value: 2.3e-24),transport,11,"ab initio prediction:Prodigal:002006,similar to AA sequence:UniProtKB:Q2G1N0",NA,NA,NA,NA,NA,NA,NA,NA,NA,NA,NA,NA,NA,NA,NA,cds-GBGKCCPF_69130,cog_05,9,GBGKCCPF_69130,cog_05 (9)
cds-GBGKCCPF_69140,Staphylobactin_6.1.1,NZ_GL877881.1.region003,9618,11342,-,CDS,,,NA,NA,0,sbnC,NA,NA,NA,NA,NA,NA,Staphyloferrin B synthase,NA,NA,NA,GBGKCCPF_69140,biosynthetic (rule-based-clusters)siderophore: IucA_IucC,biosynthetic,11,"ab initio prediction:Prodigal:002006,similar to AA sequence:UniProtKB:Q2G1N1",NA,NA,NA,NA,NA,NA,NA,NA,NA,NA,NA,6.3.2.56,"IucA_IucC (E-value: 1.2e-47, bitscore:157.5, seeds: 168, tool: rule-based-clusters)",COG:COG4264,NA,cds-GBGKCCPF_69140,cog_01,17,GBGKCCPF_69140,cog_01 (17)
cds-GBGKCCPF_69150,Staphylobactin_6.1.1,NZ_GL877881.1.region003,11342,12355,-,CDS,,,NA,NA,0,sbnB,NA,NA,NA,NA,NA,NA,N-((2S)-2-amino-2-carboxyethyl)-L-glutamatedehydrogenase,NA,NA,NA,GBGKCCPF_69150,biosynthetic-additional (smcogs)SMCOG1158:ornithine cyclodeaminase (Score: 331.7%3b E-value:5.7e-101),biosynthetic-additional,11,"ab initio prediction:Prodigal:002006,similar to AA sequence:UniProtKB:Q2G1N2",NA,NA,NA,NA,NA,NA,NA,NA,NA,NA,NA,1.5.1.51,NA,COG:COG2423,NA,cds-GBGKCCPF_69150,cog_04,9,GBGKCCPF_69150,cog_04 (9)
cds-GBGKCCPF_69160,Staphylobactin_6.1.1,NZ_GL877881.1.region003,12371,13354,-,CDS,,,NA,NA,0,sbnA_2,NA,NA,NA,NA,NA,NA,N-(2-amino-2-carboxyethyl)-L-glutamate synthase,NA,NA,NA,GBGKCCPF_69160,biosynthetic-additional (smcogs)SMCOG1081:cysteine synthase (Score: 384.4%3b E-value:5.5e-117),biosynthetic-additional,11,"ab initio prediction:Prodigal:002006,similar to AA sequence:UniProtKB:A6QDA0",NA,NA,NA,NA,NA,NA,NA,NA,NA,NA,NA,2.5.1.140,NA,NA,NA,cds-GBGKCCPF_69160,cog_03,9,GBGKCCPF_69160,cog_03 (9)
cds-GBGKCCPF_69170,Staphylobactin_6.1.1,NZ_GL877881.1.region003,14281,15984,+,CDS,,,NA,NA,NA,NA,NA,NA,NA,NA,NA,NA,IS1634 family transposase ISMac10,NA,NA,NA,GBGKCCPF_69170,NA,NA,11,"ab initio prediction:Prodigal:002006,similar to AA sequence:ISfinder:ISMac10",NA,NA,NA,NA,NA,NA,NA,NA,NA,NA,NA,NA,NA,NA,NA,cds-GBGKCCPF_69170,cog_10,3,GBGKCCPF_69170,rare
cds-HLMOCMJP_16910,Staphylobactin_6.1.1,NZ_FOZX01000003.1.region003,110,1096,-,CDS,,,NA,NA,0,iolS_1,NA,NA,NA,NA,NA,NA,Aldo-keto reductase IolS,NA,NA,NA,HLMOCMJP_16910,biosynthetic-additional (smcogs)SMCOG1039:aldo/keto reductase family oxidoreductase (Score:310.4%3b E-value: 1.9e-94),biosynthetic-additional,11,"ab initio prediction:Prodigal:002006,similar to AA sequence:UniProtKB:P46336",NA,NA,NA,NA,NA,NA,NA,NA,NA,NA,NA,1.1.1.-,NA,COG:COG0667,NA,cds-HLMOCMJP_16910,cog_26,1,HLMOCMJP_16910,rare
cds-HLMOCMJP_16920,Staphylobactin_6.1.1,NZ_FOZX01000003.1.region003,1333,2616,-,CDS,,,NA,NA,0,larA,NA,NA,NA,NA,NA,NA,Lactate racemase,NA,NA,NA,HLMOCMJP_16920,NA,NA,11,"ab initio prediction:Prodigal:002006,similar to AA sequence:UniProtKB:D9TQ02",NA,NA,NA,NA,NA,NA,NA,NA,NA,NA,NA,5.1.2.1,NA,COG:COG3875,NA,cds-HLMOCMJP_16920,cog_13,2,HLMOCMJP_16920,rare
cds-HLMOCMJP_16930,Staphylobactin_6.1.1,NZ_FOZX01000003.1.region003,2969,3952,+,CDS,,,NA,NA,0,sbnA,NA,NA,NA,NA,NA,NA,N-(2-amino-2-carboxyethyl)-L-glutamate synthase,NA,NA,NA,HLMOCMJP_16930,biosynthetic-additional (smcogs)SMCOG1081:cysteine synthase (Score: 392.4%3b E-value:2e-119),biosynthetic-additional,11,"ab initio prediction:Prodigal:002006,similar to AA sequence:UniProtKB:A6QDA0",NA,NA,NA,NA,NA,NA,NA,NA,NA,NA,NA,2.5.1.140,NA,NA,NA,cds-HLMOCMJP_16930,cog_03,9,HLMOCMJP_16930,cog_03 (9)
cds-HLMOCMJP_16940,Staphylobactin_6.1.1,NZ_FOZX01000003.1.region003,4006,5001,+,CDS,,,NA,NA,0,sbnB,NA,NA,NA,NA,NA,NA,N-((2S)-2-amino-2-carboxyethyl)-L-glutamatedehydrogenase,NA,NA,NA,HLMOCMJP_16940,biosynthetic-additional (smcogs)SMCOG1158:ornithine cyclodeaminase (Score: 326.1%3b E-value:2.9e-99),biosynthetic-additional,11,"ab initio prediction:Prodigal:002006,similar to AA sequence:UniProtKB:Q2G1N2",NA,NA,NA,NA,NA,NA,NA,NA,NA,NA,NA,1.5.1.51,NA,COG:COG2423,NA,cds-HLMOCMJP_16940,cog_04,9,HLMOCMJP_16940,cog_04 (9)
cds-HLMOCMJP_16950,Staphylobactin_6.1.1,NZ_FOZX01000003.1.region003,5001,6638,+,CDS,,,NA,NA,0,sbnC,NA,NA,NA,NA,NA,NA,Staphyloferrin B synthase,NA,NA,NA,HLMOCMJP_16950,biosynthetic (rule-based-clusters)siderophore: IucA_IucC,biosynthetic,11,"ab initio prediction:Prodigal:002006,similar to AA sequence:UniProtKB:Q2G1N1",NA,NA,NA,NA,NA,NA,NA,NA,NA,NA,NA,6.3.2.56,"IucA_IucC (E-value: 5.2e-47, bitscore:155.6, seeds: 168, tool: rule-based-clusters)",COG:COG4264,NA,cds-HLMOCMJP_16950,cog_01,17,HLMOCMJP_16950,cog_01 (17)
cds-HLMOCMJP_16960,Staphylobactin_6.1.1,NZ_FOZX01000003.1.region003,6638,7861,+,CDS,,,NA,NA,0,sbnD,NA,NA,NA,NA,NA,NA,Staphyloferrin B transporter,NA,NA,NA,HLMOCMJP_16960,transport (smcogs) SMCOG1106:majorfacilitator transporter (Score: 72.6%3b E-value: 3.9e-22),transport,11,"ab initio prediction:Prodigal:002006,similar to AA sequence:UniProtKB:Q2G1N0",NA,NA,NA,NA,NA,NA,NA,NA,NA,NA,NA,NA,NA,NA,NA,cds-HLMOCMJP_16960,cog_05,9,HLMOCMJP_16960,cog_05 (9)
cds-HLMOCMJP_16970,Staphylobactin_6.1.1,NZ_FOZX01000003.1.region003,8212,9732,+,CDS,,,NA,NA,0,sbnE,NA,NA,NA,NA,NA,NA,"L-2,3-diaminopropanoate--citrate ligase",NA,NA,NA,HLMOCMJP_16970,biosynthetic (rule-based-clusters)siderophore: IucA_IucC,biosynthetic,11,"ab initio prediction:Prodigal:002006,similar to AA sequence:UniProtKB:Q2G1M9",NA,NA,NA,NA,NA,NA,NA,NA,NA,NA,NA,6.3.2.54,"IucA_IucC (E-value: 2.6e-52, bitscore:172.9, seeds: 168, tool: rule-based-clusters)",COG:COG4264,NA,cds-HLMOCMJP_16970,cog_01,17,HLMOCMJP_16970,cog_01 (17)
cds-HLMOCMJP_16980,Staphylobactin_6.1.1,NZ_FOZX01000003.1.region003,9729,11474,+,CDS,,,NA,NA,0,sbnF,NA,NA,NA,NA,NA,NA,2-[(L-alanin-3-ylcarbamoyl)methyl]-3-(2-aminoethylcarbamoyl)-2-hydroxypropanoate synthase,NA,NA,NA,HLMOCMJP_16980,biosynthetic (rule-based-clusters)siderophore: IucA_IucC,biosynthetic,11,"ab initio prediction:Prodigal:002006,similar to AA sequence:UniProtKB:Q2G1M8",NA,NA,NA,NA,NA,NA,NA,NA,NA,NA,NA,6.3.2.55,"IucA_IucC (E-value: 1.6e-68, bitscore:226.0, seeds: 168, tool: rule-based-clusters)",COG:COG4264,NA,cds-HLMOCMJP_16980,cog_02,10,HLMOCMJP_16980,cog_02 (10)
cds-HLMOCMJP_16990,Staphylobactin_6.1.1,NZ_FOZX01000003.1.region003,11468,12241,+,CDS,,,NA,NA,0,garL_1,NA,NA,NA,NA,NA,NA,5-keto-4-deoxy-D-glucarate aldolase,NA,NA,NA,HLMOCMJP_16990,NA,NA,11,"ab initio prediction:Prodigal:002006,similar to AA sequence:UniProtKB:P23522",NA,NA,NA,NA,NA,NA,NA,NA,NA,NA,NA,4.1.2.20,NA,COG:COG3836,NA,cds-HLMOCMJP_16990,cog_07,9,HLMOCMJP_16990,cog_07 (9)
cds-HLMOCMJP_17000,Staphylobactin_6.1.1,NZ_FOZX01000003.1.region003,12234,13412,+,CDS,,,NA,NA,0,sbnH,NA,NA,NA,NA,NA,NA,2-[(L-alanin-3-ylcarbamoyl)methyl]-2-hydroxybutanedioate decarboxylase,NA,NA,NA,HLMOCMJP_17000,"biosynthetic-additional(rule-based-clusters) Orn_DAP_Arg_deC,biosynthetic-additional(rule-based-clusters) Orn_Arg_deC_N,biosynthetic-additional (smcogs)SMCOG1264:diaminopimelate decarboxylase (Score: 328.2%3bE-value: 8.7e-100)",biosynthetic-additional,11,"ab initio prediction:Prodigal:002006,similar to AA sequence:UniProtKB:Q2G1M6",NA,NA,NA,NA,NA,NA,NA,NA,NA,NA,NA,4.1.1.117,"Orn_DAP_Arg_deC (E-value: 2.2e-16,bitscore: 55.1, seeds: 500, tool: rule-based-clusters),Orn_Arg_deC_N (E-value: 2.6e-32, bitscore:107.2, seeds: 15, tool: rule-based-clusters)",COG:COG0019,NA,cds-HLMOCMJP_17000,cog_06,9,HLMOCMJP_17000,cog_06 (9)
cds-HLMOCMJP_17010,Staphylobactin_6.1.1,NZ_FOZX01000003.1.region003,13490,14956,+,CDS,,,NA,NA,0,NA,NA,NA,NA,NA,NA,NA,N-acetylglucosamine-6-O-sulfatase,NA,NA,NA,HLMOCMJP_17010,NA,NA,11,"ab initio prediction:Prodigal:002006,similar to AA sequence:UniProtKB:Q89YS5",NA,NA,NA,NA,NA,NA,NA,NA,NA,NA,NA,3.1.6.-,NA,COG:COG3119,NA,cds-HLMOCMJP_17010,cog_12,2,HLMOCMJP_17010,rare
cds-HLMOCMJP_17020,Staphylobactin_6.1.1,NZ_FOZX01000003.1.region003,15040,15801,-,CDS,,,NA,NA,NA,NA,NA,NA,NA,NA,NA,NA,hypothetical protein,NA,NA,NA,HLMOCMJP_17020,NA,NA,11,ab initio prediction:Prodigal:002006,NA,NA,NA,NA,NA,NA,NA,NA,NA,NA,NA,NA,NA,NA,NA,cds-HLMOCMJP_17020,cog_27,1,HLMOCMJP_17020,rare
cds-IECPHNMA_04580,Staphylobactin_6.1.1,NZ_CP031142.1.region007,1267,2442,+,CDS,,,NA,NA,0,NA,NA,NA,NA,NA,NA,NA,hypothetical protein,NA,NA,NA,IECPHNMA_04580,other (smcogs) SMCOG1173:WD-40repeat-containing protein (Score: 54.9%3b E-value: 1.1e-16),other,11,ab initio prediction:Prodigal:002006,NA,NA,NA,NA,NA,NA,NA,NA,NA,NA,NA,NA,NA,NA,NA,cds-IECPHNMA_04580,cog_16,1,IECPHNMA_04580,rare
cds-IECPHNMA_04590,Staphylobactin_6.1.1,NZ_CP031142.1.region007,2989,3972,+,CDS,,,NA,NA,0,sbnA_1,NA,NA,NA,NA,NA,NA,N-(2-amino-2-carboxyethyl)-L-glutamate synthase,NA,NA,NA,IECPHNMA_04590,biosynthetic-additional (smcogs)SMCOG1081:cysteine synthase (Score: 381.3%3b E-value:4.8e-116),biosynthetic-additional,11,"ab initio prediction:Prodigal:002006,similar to AA sequence:UniProtKB:A6QDA0",NA,NA,NA,NA,NA,NA,NA,NA,NA,NA,NA,2.5.1.140,NA,NA,NA,cds-IECPHNMA_04590,cog_03,9,IECPHNMA_04590,cog_03 (9)
cds-IECPHNMA_04600,Staphylobactin_6.1.1,NZ_CP031142.1.region007,3988,5001,+,CDS,,,NA,NA,0,sbnB_1,NA,NA,NA,NA,NA,NA,N-((2S)-2-amino-2-carboxyethyl)-L-glutamatedehydrogenase,NA,NA,NA,IECPHNMA_04600,biosynthetic-additional (smcogs)SMCOG1158:ornithine cyclodeaminase (Score: 326.6%3b E-value:2.1e-99),biosynthetic-additional,11,"ab initio prediction:Prodigal:002006,similar to AA sequence:UniProtKB:Q2G1N2",NA,NA,NA,NA,NA,NA,NA,NA,NA,NA,NA,1.5.1.51,NA,COG:COG2423,NA,cds-IECPHNMA_04600,cog_04,9,IECPHNMA_04600,cog_04 (9)
cds-IECPHNMA_04610,Staphylobactin_6.1.1,NZ_CP031142.1.region007,5001,6725,+,CDS,,,NA,NA,0,sbnC,NA,NA,NA,NA,NA,NA,Staphyloferrin B synthase,NA,NA,NA,IECPHNMA_04610,biosynthetic (rule-based-clusters)siderophore: IucA_IucC,biosynthetic,11,"ab initio prediction:Prodigal:002006,similar to AA sequence:UniProtKB:Q2G1N1",NA,NA,NA,NA,NA,NA,NA,NA,NA,NA,NA,6.3.2.56,"IucA_IucC (E-value: 1.1e-46, bitscore:158.4, seeds: 168, tool: rule-based-clusters)",COG:COG4264,NA,cds-IECPHNMA_04610,cog_01,17,IECPHNMA_04610,cog_01 (17)
cds-IECPHNMA_04620,Staphylobactin_6.1.1,NZ_CP031142.1.region007,6725,7942,+,CDS,,,NA,NA,0,sbnD,NA,NA,NA,NA,NA,NA,Staphyloferrin B transporter,NA,NA,NA,IECPHNMA_04620,transport (smcogs) SMCOG1184:majorfacilitator transporter (Score: 80.3%3b E-value: 1.8e-24),transport,11,"ab initio prediction:Prodigal:002006,similar to AA sequence:UniProtKB:Q2G1N0",NA,NA,NA,NA,NA,NA,NA,NA,NA,NA,NA,NA,NA,NA,NA,cds-IECPHNMA_04620,cog_05,9,IECPHNMA_04620,cog_05 (9)
cds-IECPHNMA_04630,Staphylobactin_6.1.1,NZ_CP031142.1.region007,7939,9582,+,CDS,,,NA,NA,0,sbnE,NA,NA,NA,NA,NA,NA,"L-2,3-diaminopropanoate--citrate ligase",NA,NA,NA,IECPHNMA_04630,biosynthetic (rule-based-clusters)siderophore: IucA_IucC,biosynthetic,11,"ab initio prediction:Prodigal:002006,similar to AA sequence:UniProtKB:Q2G1M9",NA,NA,NA,NA,NA,NA,NA,NA,NA,NA,NA,6.3.2.54,"IucA_IucC (E-value: 4.4e-59, bitscore:199.0, seeds: 168, tool: rule-based-clusters)",COG:COG4264,NA,cds-IECPHNMA_04630,cog_01,17,IECPHNMA_04630,cog_01 (17)
cds-IECPHNMA_04640,Staphylobactin_6.1.1,NZ_CP031142.1.region007,9579,11342,+,CDS,,,NA,NA,0,sbnF,NA,NA,NA,NA,NA,NA,2-[(L-alanin-3-ylcarbamoyl)methyl]-3-(2-aminoethylcarbamoyl)-2-hydroxypropanoate synthase,NA,NA,NA,IECPHNMA_04640,biosynthetic (rule-based-clusters)siderophore: IucA_IucC,biosynthetic,11,"ab initio prediction:Prodigal:002006,similar to AA sequence:UniProtKB:Q2G1M8",NA,NA,NA,NA,NA,NA,NA,NA,NA,NA,NA,6.3.2.55,"IucA_IucC (E-value: 6.7e-67, bitscore:224.6, seeds: 168, tool: rule-based-clusters)",COG:COG4264,NA,cds-IECPHNMA_04640,cog_02,10,IECPHNMA_04640,cog_02 (10)
cds-IECPHNMA_04650,Staphylobactin_6.1.1,NZ_CP031142.1.region007,11336,12109,+,CDS,,,NA,NA,0,garL,NA,NA,NA,NA,NA,NA,5-keto-4-deoxy-D-glucarate aldolase,NA,NA,NA,IECPHNMA_04650,NA,NA,11,"ab initio prediction:Prodigal:002006,similar to AA sequence:UniProtKB:P23522",NA,NA,NA,NA,NA,NA,NA,NA,NA,NA,NA,4.1.2.20,NA,COG:COG3836,NA,cds-IECPHNMA_04650,cog_07,9,IECPHNMA_04650,cog_07 (9)
cds-IECPHNMA_04660,Staphylobactin_6.1.1,NZ_CP031142.1.region007,12102,13295,+,CDS,,,NA,NA,0,sbnH,NA,NA,NA,NA,NA,NA,2-[(L-alanin-3-ylcarbamoyl)methyl]-2-hydroxybutanedioate decarboxylase,NA,NA,NA,IECPHNMA_04660,"biosynthetic-additional(rule-based-clusters) Orn_DAP_Arg_deC,biosynthetic-additional(rule-based-clusters) Orn_Arg_deC_N,biosynthetic-additional (smcogs)SMCOG1264:diaminopimelate decarboxylase (Score: 318.5%3bE-value: 7.7e-97)",biosynthetic-additional,11,"ab initio prediction:Prodigal:002006,similar to AA sequence:UniProtKB:Q2G1M6",NA,NA,NA,NA,NA,NA,NA,NA,NA,NA,NA,4.1.1.117,"Orn_DAP_Arg_deC (E-value: 6.2e-14,bitscore: 51.1, seeds: 500, tool: rule-based-clusters),Orn_Arg_deC_N (E-value: 6.5e-35, bitscore:119.7, seeds: 15, tool: rule-based-clusters)",COG:COG0019,NA,cds-IECPHNMA_04660,cog_06,9,IECPHNMA_04660,cog_06 (9)
cds-IECPHNMA_04670,Staphylobactin_6.1.1,NZ_CP031142.1.region007,13402,14178,-,CDS,,,NA,NA,0,NA,NA,NA,NA,NA,NA,NA,hypothetical protein,NA,NA,NA,IECPHNMA_04670,other (smcogs) SMCOG1192:transposase(Score: 85.2%3b E-value: 7.9e-26),other,11,ab initio prediction:Prodigal:002006,NA,NA,NA,NA,NA,NA,NA,NA,NA,NA,NA,NA,NA,NA,NA,cds-IECPHNMA_04670,cog_17,1,IECPHNMA_04670,rare
cds-IECPHNMA_04680,Staphylobactin_6.1.1,NZ_CP031142.1.region007,14252,14572,-,CDS,,,NA,NA,0,NA,NA,NA,NA,NA,NA,NA,hypothetical protein,NA,NA,NA,IECPHNMA_04680,NA,NA,11,ab initio prediction:Prodigal:002006,NA,NA,NA,NA,NA,NA,NA,NA,NA,NA,NA,NA,NA,NA,NA,cds-IECPHNMA_04680,cog_18,1,IECPHNMA_04680,rare
cds-IECPHNMA_04690,Staphylobactin_6.1.1,NZ_CP031142.1.region007,14647,14979,+,CDS,,,NA,NA,0,NA,NA,NA,NA,NA,NA,NA,hypothetical protein,NA,NA,NA,IECPHNMA_04690,NA,NA,11,ab initio prediction:Prodigal:002006,NA,NA,NA,NA,NA,NA,NA,NA,NA,NA,NA,NA,NA,NA,NA,cds-IECPHNMA_04690,cog_19,1,IECPHNMA_04690,rare
cds-IECPHNMA_04700,Staphylobactin_6.1.1,NZ_CP031142.1.region007,15129,15878,-,CDS,,,NA,NA,NA,NA,NA,NA,NA,NA,NA,NA,hypothetical protein,NA,NA,NA,IECPHNMA_04700,NA,NA,11,ab initio prediction:Prodigal:002006,NA,NA,NA,NA,NA,NA,NA,NA,NA,NA,NA,NA,NA,NA,NA,cds-IECPHNMA_04700,cog_08,5,IECPHNMA_04700,medium
cds-LLPKHOMA_55940,Staphylobactin_6.1.1,NZ_JACHIW010000002.1.region002,1101,1418,-,CDS,,,NA,NA,0,NA,NA,NA,NA,NA,NA,NA,hypothetical protein,NA,NA,NA,LLPKHOMA_55940,NA,NA,11,ab initio prediction:Prodigal:002006,NA,NA,NA,NA,NA,NA,NA,NA,NA,NA,NA,NA,NA,NA,NA,cds-LLPKHOMA_55940,cog_28,1,LLPKHOMA_55940,rare
cds-LLPKHOMA_55950,Staphylobactin_6.1.1,NZ_JACHIW010000002.1.region002,1495,2493,+,CDS,,,NA,NA,0,NA,NA,NA,NA,NA,NA,NA,hypothetical protein,NA,NA,NA,LLPKHOMA_55950,other (smcogs) SMCOG1208:pirindomain-containing protein (Score: 279.3%3b E-value: 5.2e-85),other,11,ab initio prediction:Prodigal:002006,NA,NA,NA,NA,NA,NA,NA,NA,NA,NA,NA,NA,NA,NA,NA,cds-LLPKHOMA_55950,cog_29,1,LLPKHOMA_55950,rare
cds-LLPKHOMA_55960,Staphylobactin_6.1.1,NZ_JACHIW010000002.1.region002,2983,3966,+,CDS,,,NA,NA,0,sbnA_1,NA,NA,NA,NA,NA,NA,N-(2-amino-2-carboxyethyl)-L-glutamate synthase,NA,NA,NA,LLPKHOMA_55960,biosynthetic-additional (smcogs)SMCOG1081:cysteine synthase (Score: 382.9%3b E-value:1.6e-116),biosynthetic-additional,11,"ab initio prediction:Prodigal:002006,similar to AA sequence:UniProtKB:A6QDA0",NA,NA,NA,NA,NA,NA,NA,NA,NA,NA,NA,2.5.1.140,NA,NA,NA,cds-LLPKHOMA_55960,cog_03,9,LLPKHOMA_55960,cog_03 (9)
cds-LLPKHOMA_55970,Staphylobactin_6.1.1,NZ_JACHIW010000002.1.region002,3982,5001,+,CDS,,,NA,NA,0,sbnB_1,NA,NA,NA,NA,NA,NA,N-((2S)-2-amino-2-carboxyethyl)-L-glutamatedehydrogenase,NA,NA,NA,LLPKHOMA_55970,biosynthetic-additional (smcogs)SMCOG1158:ornithine cyclodeaminase (Score: 319.3%3b E-value:3.5e-97),biosynthetic-additional,11,"ab initio prediction:Prodigal:002006,similar to AA sequence:UniProtKB:Q2G1N2",NA,NA,NA,NA,NA,NA,NA,NA,NA,NA,NA,1.5.1.51,NA,COG:COG2423,NA,cds-LLPKHOMA_55970,cog_04,9,LLPKHOMA_55970,cog_04 (9)
cds-LLPKHOMA_55980,Staphylobactin_6.1.1,NZ_JACHIW010000002.1.region002,5001,6722,+,CDS,,,NA,NA,0,sbnC,NA,NA,NA,NA,NA,NA,Staphyloferrin B synthase,NA,NA,NA,LLPKHOMA_55980,biosynthetic (rule-based-clusters)siderophore: IucA_IucC,biosynthetic,11,"ab initio prediction:Prodigal:002006,similar to AA sequence:UniProtKB:Q2G1N1",NA,NA,NA,NA,NA,NA,NA,NA,NA,NA,NA,6.3.2.56,"IucA_IucC (E-value: 1.5e-49, bitscore:165.4, seeds: 168, tool: rule-based-clusters)",COG:COG4264,NA,cds-LLPKHOMA_55980,cog_01,17,LLPKHOMA_55980,cog_01 (17)
cds-LLPKHOMA_55990,Staphylobactin_6.1.1,NZ_JACHIW010000002.1.region002,6722,7927,+,CDS,,,NA,NA,0,sbnD,NA,NA,NA,NA,NA,NA,Staphyloferrin B transporter,NA,NA,NA,LLPKHOMA_55990,transport (smcogs) SMCOG1184:majorfacilitator transporter (Score: 72.1%3b E-value: 6e-22),transport,11,"ab initio prediction:Prodigal:002006,similar to AA sequence:UniProtKB:Q2G1N0",NA,NA,NA,NA,NA,NA,NA,NA,NA,NA,NA,NA,NA,NA,NA,cds-LLPKHOMA_55990,cog_05,9,LLPKHOMA_55990,cog_05 (9)
cds-LLPKHOMA_56000,Staphylobactin_6.1.1,NZ_JACHIW010000002.1.region002,7924,9558,+,CDS,,,NA,NA,0,sbnE,NA,NA,NA,NA,NA,NA,"L-2,3-diaminopropanoate--citrate ligase",NA,NA,NA,LLPKHOMA_56000,biosynthetic (rule-based-clusters)siderophore: IucA_IucC,biosynthetic,11,"ab initio prediction:Prodigal:002006,similar to AA sequence:UniProtKB:Q2G1M9",NA,NA,NA,NA,NA,NA,NA,NA,NA,NA,NA,6.3.2.54,"IucA_IucC (E-value: 2e-58, bitscore:194.5, seeds: 168, tool: rule-based-clusters)",COG:COG4264,NA,cds-LLPKHOMA_56000,cog_01,17,LLPKHOMA_56000,cog_01 (17)
cds-LLPKHOMA_56010,Staphylobactin_6.1.1,NZ_JACHIW010000002.1.region002,9555,11312,+,CDS,,,NA,NA,0,sbnF,NA,NA,NA,NA,NA,NA,2-[(L-alanin-3-ylcarbamoyl)methyl]-3-(2-aminoethylcarbamoyl)-2-hydroxypropanoate synthase,NA,NA,NA,LLPKHOMA_56010,biosynthetic (rule-based-clusters)siderophore: IucA_IucC,biosynthetic,11,"ab initio prediction:Prodigal:002006,similar to AA sequence:UniProtKB:Q2G1M8",NA,NA,NA,NA,NA,NA,NA,NA,NA,NA,NA,6.3.2.55,"IucA_IucC (E-value: 6.8e-69, bitscore:228.8, seeds: 168, tool: rule-based-clusters)",COG:COG4264,NA,cds-LLPKHOMA_56010,cog_02,10,LLPKHOMA_56010,cog_02 (10)
cds-LLPKHOMA_56020,Staphylobactin_6.1.1,NZ_JACHIW010000002.1.region002,11312,12085,+,CDS,,,NA,NA,0,garL_2,NA,NA,NA,NA,NA,NA,5-keto-4-deoxy-D-glucarate aldolase,NA,NA,NA,LLPKHOMA_56020,NA,NA,11,"ab initio prediction:Prodigal:002006,similar to AA sequence:UniProtKB:P23522",NA,NA,NA,NA,NA,NA,NA,NA,NA,NA,NA,4.1.2.20,NA,COG:COG3836,NA,cds-LLPKHOMA_56020,cog_07,9,LLPKHOMA_56020,cog_07 (9)
cds-LLPKHOMA_56030,Staphylobactin_6.1.1,NZ_JACHIW010000002.1.region002,12078,13271,+,CDS,,,NA,NA,0,sbnH,NA,NA,NA,NA,NA,NA,2-[(L-alanin-3-ylcarbamoyl)methyl]-2-hydroxybutanedioate decarboxylase,NA,NA,NA,LLPKHOMA_56030,"biosynthetic-additional(rule-based-clusters) Orn_DAP_Arg_deC,biosynthetic-additional(rule-based-clusters) Orn_Arg_deC_N,biosynthetic-additional (smcogs)SMCOG1264:diaminopimelate decarboxylase (Score: 329.8%3bE-value: 2.7e-100)",biosynthetic-additional,11,"ab initio prediction:Prodigal:002006,similar to AA sequence:UniProtKB:Q2G1M6",NA,NA,NA,NA,NA,NA,NA,NA,NA,NA,NA,4.1.1.117,"Orn_DAP_Arg_deC (E-value: 5.6e-14,bitscore: 48.9, seeds: 500, tool: rule-based-clusters),Orn_Arg_deC_N (E-value: 1.9e-39, bitscore:132.2, seeds: 15, tool: rule-based-clusters)",COG:COG0019,NA,cds-LLPKHOMA_56030,cog_06,9,LLPKHOMA_56030,cog_06 (9)
cds-LLPKHOMA_56040,Staphylobactin_6.1.1,NZ_JACHIW010000002.1.region002,13403,14788,+,CDS,,,NA,NA,0,aam_2,NA,NA,NA,NA,NA,NA,Acylamidase,NA,NA,NA,LLPKHOMA_56040,biosynthetic-additional (smcogs)SMCOG1105:amidase (Score: 393.5%3b E-value: 2.3e-119),biosynthetic-additional,11,"ab initio prediction:Prodigal:002006,similar to AA sequence:UniProtKB:K9NBS6",NA,NA,NA,NA,NA,NA,NA,NA,NA,NA,NA,3.5.1.13,NA,COG:COG0154,NA,cds-LLPKHOMA_56040,cog_30,1,LLPKHOMA_56040,rare
cds-LLPKHOMA_56050,Staphylobactin_6.1.1,NZ_JACHIW010000002.1.region002,14955,15920,-,CDS,,,NA,NA,NA,thadh,NA,NA,NA,NA,NA,NA,L-threo-3-hydroxyaspartate ammonia-lyase,NA,NA,NA,LLPKHOMA_56050,biosynthetic-additional (smcogs)SMCOG1081:cysteine synthase (Score: 107.6%3b E-value:9.1e-33),biosynthetic-additional,11,"ab initio prediction:Prodigal:002006,similar to AA sequence:UniProtKB:A4F2N8",NA,NA,NA,NA,NA,NA,NA,NA,NA,NA,NA,4.3.1.16,NA,NA,NA,cds-LLPKHOMA_56050,cog_31,1,LLPKHOMA_56050,rare
cds-NCTC8325_00062,Staphylobactin_6.1.1,BGC0000943.region001,1,999,-,CDS,,,NA,NA,0,sirC_1,NA,NA,NA,NA,NA,NA,siderophore transport system permease,NA,NA,NA,NCTC8325_00062,transport (smcogs) SMCOG1011:transportsystem permease protein (Score: 254.8%3b E-value: 1.7e-77),transport,11,"ab initio prediction:Prodigal:2.60,similar to AA sequence:RefSeq:YP_006708863.1",SQF72442.1,NA,NA,NA,NA,NA,NA,NA,NA,NA,NA,NA,NA,NA,NA,cds-NCTC8325_00062,cog_11,2,NCTC8325_00062,rare
cds-NCTC8325_00063,Staphylobactin_6.1.1,BGC0000943.region001,996,1991,-,CDS,,,NA,NA,0,sirB,NA,NA,NA,NA,NA,NA,"Siderophore staphylobactin ABC transporter,permease protein SirB",NA,NA,NA,NCTC8325_00063,transport (smcogs) SMCOG1011:transportsystem permease protein (Score: 288.7%3b E-value: 8.4e-88),transport,11,"ab initio prediction:Prodigal:2.60,similar to AA sequence:RefSeq:YP_005740864.1",SQF72443.1,NA,NA,NA,NA,NA,NA,NA,NA,NA,NA,NA,NA,NA,NA,cds-NCTC8325_00063,cog_11,2,NCTC8325_00063,rare
cds-NCTC8325_00064,Staphylobactin_6.1.1,BGC0000943.region001,2007,2999,-,CDS,,,NA,NA,0,sirA,NA,NA,NA,NA,NA,NA,"Siderophore staphylobactin ABC transporter,substrate-binding protein SirA",NA,NA,NA,NCTC8325_00064,"transport (smcogs) SMCOG1033:iron compoundABC transporter, periplasmic (Score: 253.2%3b E-value:4.7e-77)",transport,11,"ab initio prediction:Prodigal:2.60,similar to AA sequence:RefSeq:YP_005740865.1",SQF72444.1,NA,NA,NA,NA,NA,NA,NA,NA,NA,NA,NA,NA,NA,NA,cds-NCTC8325_00064,cog_14,1,NCTC8325_00064,rare
cds-NCTC8325_00065,Staphylobactin_6.1.1,BGC0000943.region001,3230,4210,+,CDS,,,NA,NA,0,sbnA,NA,NA,NA,NA,NA,NA,Siderophore staphylobactin biosynthesis proteinSbnA,NA,NA,NA,NCTC8325_00065,biosynthetic-additional (smcogs)SMCOG1081:cysteine synthase (Score: 374.4%3b E-value:6.1e-114),biosynthetic-additional,11,"ab initio prediction:Prodigal:2.60,similar to AA sequence:RefSeq:YP_005740866.1",SQF72445.1,NA,NA,NA,NA,NA,NA,NA,NA,NA,NA,2.5.1.47,NA,NA,NA,cds-NCTC8325_00065,cog_03,9,NCTC8325_00065,cog_03 (9)
cds-NCTC8325_00066,Staphylobactin_6.1.1,BGC0000943.region001,4207,5217,+,CDS,,,NA,NA,0,sbnB,NA,NA,NA,NA,NA,NA,Ornithine cyclodeaminase / Siderophorestaphylobactin biosynthesis protein SbnB,NA,NA,NA,NCTC8325_00066,biosynthetic-additional (smcogs)SMCOG1158:ornithine cyclodeaminase (Score: 323.6%3b E-value:1.7e-98),biosynthetic-additional,11,"ab initio prediction:Prodigal:2.60,similar to AA sequence:RefSeq:YP_005740867.1",SQF72446.1,NA,NA,NA,NA,NA,NA,NA,NA,NA,NA,4.3.1.12,NA,NA,NA,cds-NCTC8325_00066,cog_04,9,NCTC8325_00066,cog_04 (9)
cds-NCTC8325_00067,Staphylobactin_6.1.1,BGC0000943.region001,5238,6992,+,CDS,,,NA,NA,0,sbnC,NA,NA,NA,NA,NA,NA,Siderophore staphylobactin biosynthesis proteinSbnC,NA,NA,NA,NCTC8325_00067,biosynthetic (rule-based-clusters)siderophore: IucA_IucC,biosynthetic,11,"ab initio prediction:Prodigal:2.60,similar to AA sequence:RefSeq:YP_005740868.1",SQF72447.1,NA,NA,NA,NA,NA,NA,NA,NA,NA,NA,6.3.2.-,"IucA_IucC (E-value: 4.8e-60, bitscore:192.7, seeds: 168, tool: rule-based-clusters)",NA,NA,cds-NCTC8325_00067,cog_02,10,NCTC8325_00067,cog_02 (10)
cds-NCTC8325_00068,Staphylobactin_6.1.1,BGC0000943.region001,7069,8241,+,CDS,,,NA,NA,0,sbnD,NA,NA,NA,NA,NA,NA,Siderophore staphylobactin biosynthesis proteinSbnD,NA,NA,NA,NCTC8325_00068,transport (smcogs) SMCOG1020:majorfacilitator transporter (Score: 87.5%3b E-value: 1.5e-26),transport,11,"ab initio prediction:Prodigal:2.60,similar to AA sequence:RefSeq:YP_005740869.1",SQF72448.1,NA,NA,NA,NA,NA,NA,NA,NA,NA,NA,NA,NA,NA,NA,cds-NCTC8325_00068,cog_05,9,NCTC8325_00068,cog_05 (9)
cds-NCTC8325_00069,Staphylobactin_6.1.1,BGC0000943.region001,8231,9967,+,CDS,,,NA,NA,0,sbnE,NA,NA,NA,NA,NA,NA,Siderophore staphylobactin biosynthesis proteinSbnE,NA,NA,NA,NCTC8325_00069,biosynthetic (rule-based-clusters)siderophore: IucA_IucC,biosynthetic,11,"ab initio prediction:Prodigal:2.60,similar to AA sequence:RefSeq:YP_005740870.1",SQF72449.1,NA,NA,NA,NA,NA,NA,NA,NA,NA,NA,6.3.2.-,"IucA_IucC (E-value: 2.3e-60, bitscore:193.8, seeds: 168, tool: rule-based-clusters)",NA,NA,cds-NCTC8325_00069,cog_01,17,NCTC8325_00069,cog_01 (17)
cds-NCTC8325_00070,Staphylobactin_6.1.1,BGC0000943.region001,9948,11726,+,CDS,,,NA,NA,0,iucC_1,NA,NA,NA,NA,NA,NA,Siderophore synthase,NA,NA,NA,NCTC8325_00070,biosynthetic (rule-based-clusters)siderophore: IucA_IucC,biosynthetic,11,"ab initio prediction:Prodigal:2.60,similar to AA sequence:RefSeq:YP_006194281.1",SQF72450.1,NA,NA,NA,NA,NA,NA,NA,NA,NA,NA,"6.-.-.-,6.3.2.-","IucA_IucC (E-value: 1.4e-69, bitscore:224.0, seeds: 168, tool: rule-based-clusters)",NA,NA,cds-NCTC8325_00070,cog_02,10,NCTC8325_00070,cog_02 (10)
cds-NCTC8325_00071,Staphylobactin_6.1.1,BGC0000943.region001,11698,12477,+,CDS,,,NA,NA,0,sbnG,NA,NA,NA,NA,NA,NA,Siderophore staphylobactin biosynthesis proteinSbnG,NA,NA,NA,NCTC8325_00071,NA,NA,11,"ab initio prediction:Prodigal:2.60,similar to AA sequence:RefSeq:YP_005740872.1",SQF72451.1,NA,NA,NA,NA,NA,NA,NA,NA,NA,NA,4.1.2.20,NA,NA,NA,cds-NCTC8325_00071,cog_07,9,NCTC8325_00071,cog_07 (9)
cds-NCTC8325_00072,Staphylobactin_6.1.1,BGC0000943.region001,12477,13679,+,CDS,,,NA,NA,0,sbnH,NA,NA,NA,NA,NA,NA,Siderophore staphylobactin biosynthesis proteinSbnH,NA,NA,NA,NCTC8325_00072,"biosynthetic-additional(rule-based-clusters) Orn_DAP_Arg_deC,biosynthetic-additional(rule-based-clusters) Orn_Arg_deC_N,biosynthetic-additional (smcogs)SMCOG1264:diaminopimelate decarboxylase (Score: 308.8%3bE-value: 6.4e-94)",biosynthetic-additional,11,"ab initio prediction:Prodigal:2.60,similar to AA sequence:RefSeq:YP_005740873.1",SQF72452.1,NA,NA,NA,NA,NA,NA,NA,NA,NA,NA,4.1.1.20,"Orn_DAP_Arg_deC (E-value: 3.7e-17,bitscore: 52.2, seeds: 500, tool: rule-based-clusters),Orn_Arg_deC_N (E-value: 1.5e-38, bitscore:122.2, seeds: 15, tool: rule-based-clusters)",NA,NA,cds-NCTC8325_00072,cog_06,9,NCTC8325_00072,cog_06 (9)
cds-NCTC8325_00073,Staphylobactin_6.1.1,BGC0000943.region001,13683,14447,+,CDS,,,NA,NA,NA,sbnI,NA,NA,NA,NA,NA,NA,Siderophore staphylobactin biosynthesis proteinSbnI,NA,NA,NA,NCTC8325_00073,NA,NA,11,"ab initio prediction:Prodigal:2.60,similar to AA sequence:RefSeq:YP_005740874.1",SQF72453.1,NA,NA,NA,NA,NA,NA,NA,NA,NA,NA,NA,NA,NA,NA,cds-NCTC8325_00073,cog_15,1,NCTC8325_00073,rare
cds-OOOGHNGE_62170,Staphylobactin_6.1.1,NZ_PJNB01000001.1.region028,1088,1753,-,CDS,,,NA,NA,0,betI_18,NA,NA,NA,NA,NA,NA,HTH-type transcriptional regulator BetI,NA,NA,NA,OOOGHNGE_62170,regulatory (smcogs) SMCOG1215:TetR familytranscriptional regulator (Score: 139.4%3b E-value: 2.7e-42),regulatory,11,"ab initio prediction:Prodigal:002006,protein motif:HAMAP:MF_00768",NA,NA,NA,NA,NA,NA,NA,NA,NA,NA,NA,NA,NA,NA,NA,cds-OOOGHNGE_62170,cog_09,3,OOOGHNGE_62170,rare
cds-OOOGHNGE_62180,Staphylobactin_6.1.1,NZ_PJNB01000001.1.region028,2180,2929,+,CDS,,,NA,NA,0,NA,NA,NA,NA,NA,NA,NA,hypothetical protein,NA,NA,NA,OOOGHNGE_62180,NA,NA,11,ab initio prediction:Prodigal:002006,NA,NA,NA,NA,NA,NA,NA,NA,NA,NA,NA,NA,NA,NA,NA,cds-OOOGHNGE_62180,cog_08,5,OOOGHNGE_62180,medium
cds-OOOGHNGE_62190,Staphylobactin_6.1.1,NZ_PJNB01000001.1.region028,3045,4238,-,CDS,,,NA,NA,0,sbnH,NA,NA,NA,NA,NA,NA,2-[(L-alanin-3-ylcarbamoyl)methyl]-2-hydroxybutanedioate decarboxylase,NA,NA,NA,OOOGHNGE_62190,"biosynthetic-additional(rule-based-clusters) Orn_DAP_Arg_deC,biosynthetic-additional(rule-based-clusters) Orn_Arg_deC_N,biosynthetic-additional (smcogs)SMCOG1264:diaminopimelate decarboxylase (Score: 319.7%3bE-value: 3.3e-97)",biosynthetic-additional,11,"ab initio prediction:Prodigal:002006,similar to AA sequence:UniProtKB:Q2G1M6",NA,NA,NA,NA,NA,NA,NA,NA,NA,NA,NA,4.1.1.117,"Orn_DAP_Arg_deC (E-value: 2.6e-14,bitscore: 52.1, seeds: 500, tool: rule-based-clusters),Orn_Arg_deC_N (E-value: 2.5e-34, bitscore:117.6, seeds: 15, tool: rule-based-clusters)",COG:COG0019,NA,cds-OOOGHNGE_62190,cog_06,9,OOOGHNGE_62190,cog_06 (9)
cds-OOOGHNGE_62200,Staphylobactin_6.1.1,NZ_PJNB01000001.1.region028,4231,5007,-,CDS,,,NA,NA,0,garL_2,NA,NA,NA,NA,NA,NA,5-keto-4-deoxy-D-glucarate aldolase,NA,NA,NA,OOOGHNGE_62200,NA,NA,11,"ab initio prediction:Prodigal:002006,similar to AA sequence:UniProtKB:P23522",NA,NA,NA,NA,NA,NA,NA,NA,NA,NA,NA,4.1.2.20,NA,COG:COG3836,NA,cds-OOOGHNGE_62200,cog_07,9,OOOGHNGE_62200,cog_07 (9)
cds-OOOGHNGE_62210,Staphylobactin_6.1.1,NZ_PJNB01000001.1.region028,5001,6764,-,CDS,,,NA,NA,0,sbnF,NA,NA,NA,NA,NA,NA,2-[(L-alanin-3-ylcarbamoyl)methyl]-3-(2-aminoethylcarbamoyl)-2-hydroxypropanoate synthase,NA,NA,NA,OOOGHNGE_62210,biosynthetic (rule-based-clusters)siderophore: IucA_IucC,biosynthetic,11,"ab initio prediction:Prodigal:002006,similar to AA sequence:UniProtKB:Q2G1M8",NA,NA,NA,NA,NA,NA,NA,NA,NA,NA,NA,6.3.2.55,"IucA_IucC (E-value: 1.3e-67, bitscore:226.8, seeds: 168, tool: rule-based-clusters)",COG:COG4264,NA,cds-OOOGHNGE_62210,cog_02,10,OOOGHNGE_62210,cog_02 (10)
cds-OOOGHNGE_62220,Staphylobactin_6.1.1,NZ_PJNB01000001.1.region028,6761,8404,-,CDS,,,NA,NA,0,sbnE,NA,NA,NA,NA,NA,NA,"L-2,3-diaminopropanoate--citrate ligase",NA,NA,NA,OOOGHNGE_62220,biosynthetic (rule-based-clusters)siderophore: IucA_IucC,biosynthetic,11,"ab initio prediction:Prodigal:002006,similar to AA sequence:UniProtKB:Q2G1M9",NA,NA,NA,NA,NA,NA,NA,NA,NA,NA,NA,6.3.2.54,"IucA_IucC (E-value: 1.1e-59, bitscore:200.8, seeds: 168, tool: rule-based-clusters)",COG:COG4264,NA,cds-OOOGHNGE_62220,cog_01,17,OOOGHNGE_62220,cog_01 (17)
cds-OOOGHNGE_62230,Staphylobactin_6.1.1,NZ_PJNB01000001.1.region028,8401,9618,-,CDS,,,NA,NA,0,sbnD,NA,NA,NA,NA,NA,NA,Staphyloferrin B transporter,NA,NA,NA,OOOGHNGE_62230,transport (smcogs) SMCOG1184:majorfacilitator transporter (Score: 80%3b E-value: 2.3e-24),transport,11,"ab initio prediction:Prodigal:002006,similar to AA sequence:UniProtKB:Q2G1N0",NA,NA,NA,NA,NA,NA,NA,NA,NA,NA,NA,NA,NA,NA,NA,cds-OOOGHNGE_62230,cog_05,9,OOOGHNGE_62230,cog_05 (9)
cds-OOOGHNGE_62240,Staphylobactin_6.1.1,NZ_PJNB01000001.1.region028,9618,11342,-,CDS,,,NA,NA,0,sbnC,NA,NA,NA,NA,NA,NA,Staphyloferrin B synthase,NA,NA,NA,OOOGHNGE_62240,biosynthetic (rule-based-clusters)siderophore: IucA_IucC,biosynthetic,11,"ab initio prediction:Prodigal:002006,similar to AA sequence:UniProtKB:Q2G1N1",NA,NA,NA,NA,NA,NA,NA,NA,NA,NA,NA,6.3.2.56,"IucA_IucC (E-value: 1.9e-46, bitscore:157.5, seeds: 168, tool: rule-based-clusters)",COG:COG4264,NA,cds-OOOGHNGE_62240,cog_01,17,OOOGHNGE_62240,cog_01 (17)
cds-OOOGHNGE_62250,Staphylobactin_6.1.1,NZ_PJNB01000001.1.region028,11342,12355,-,CDS,,,NA,NA,0,sbnB,NA,NA,NA,NA,NA,NA,N-((2S)-2-amino-2-carboxyethyl)-L-glutamatedehydrogenase,NA,NA,NA,OOOGHNGE_62250,biosynthetic-additional (smcogs)SMCOG1158:ornithine cyclodeaminase (Score: 331.7%3b E-value:5.7e-101),biosynthetic-additional,11,"ab initio prediction:Prodigal:002006,similar to AA sequence:UniProtKB:Q2G1N2",NA,NA,NA,NA,NA,NA,NA,NA,NA,NA,NA,1.5.1.51,NA,COG:COG2423,NA,cds-OOOGHNGE_62250,cog_04,9,OOOGHNGE_62250,cog_04 (9)
cds-OOOGHNGE_62260,Staphylobactin_6.1.1,NZ_PJNB01000001.1.region028,12371,13354,-,CDS,,,NA,NA,0,sbnA_2,NA,NA,NA,NA,NA,NA,N-(2-amino-2-carboxyethyl)-L-glutamate synthase,NA,NA,NA,OOOGHNGE_62260,biosynthetic-additional (smcogs)SMCOG1081:cysteine synthase (Score: 384.4%3b E-value:5.5e-117),biosynthetic-additional,11,"ab initio prediction:Prodigal:002006,similar to AA sequence:UniProtKB:A6QDA0",NA,NA,NA,NA,NA,NA,NA,NA,NA,NA,NA,2.5.1.140,NA,NA,NA,cds-OOOGHNGE_62260,cog_03,9,OOOGHNGE_62260,cog_03 (9)
cds-OOOGHNGE_62270,Staphylobactin_6.1.1,NZ_PJNB01000001.1.region028,14281,15984,+,CDS,,,NA,NA,0,NA,NA,NA,NA,NA,NA,NA,IS1634 family transposase ISMac10,NA,NA,NA,OOOGHNGE_62270,NA,NA,11,"ab initio prediction:Prodigal:002006,similar to AA sequence:ISfinder:ISMac10",NA,NA,NA,NA,NA,NA,NA,NA,NA,NA,NA,NA,NA,NA,NA,cds-OOOGHNGE_62270,cog_10,3,OOOGHNGE_62270,rare
cds-PKJGIIBK_01360,Staphylobactin_6.1.1,NZ_CP061007.1.region003,1088,1753,-,CDS,,,NA,NA,0,betI_1,NA,NA,NA,NA,NA,NA,HTH-type transcriptional regulator BetI,NA,NA,NA,PKJGIIBK_01360,regulatory (smcogs) SMCOG1215:TetR familytranscriptional regulator (Score: 139.4%3b E-value: 2.7e-42),regulatory,11,"ab initio prediction:Prodigal:002006,protein motif:HAMAP:MF_00768",NA,NA,NA,NA,NA,NA,NA,NA,NA,NA,NA,NA,NA,NA,NA,cds-PKJGIIBK_01360,cog_09,3,PKJGIIBK_01360,rare
cds-PKJGIIBK_01370,Staphylobactin_6.1.1,NZ_CP061007.1.region003,2180,2929,+,CDS,,,NA,NA,0,NA,NA,NA,NA,NA,NA,NA,hypothetical protein,NA,NA,NA,PKJGIIBK_01370,NA,NA,11,ab initio prediction:Prodigal:002006,NA,NA,NA,NA,NA,NA,NA,NA,NA,NA,NA,NA,NA,NA,NA,cds-PKJGIIBK_01370,cog_08,5,PKJGIIBK_01370,medium
cds-PKJGIIBK_01380,Staphylobactin_6.1.1,NZ_CP061007.1.region003,3045,4238,-,CDS,,,NA,NA,0,sbnH,NA,NA,NA,NA,NA,NA,2-[(L-alanin-3-ylcarbamoyl)methyl]-2-hydroxybutanedioate decarboxylase,NA,NA,NA,PKJGIIBK_01380,"biosynthetic-additional(rule-based-clusters) Orn_DAP_Arg_deC,biosynthetic-additional(rule-based-clusters) Orn_Arg_deC_N,biosynthetic-additional (smcogs)SMCOG1264:diaminopimelate decarboxylase (Score: 319.7%3bE-value: 3.3e-97)",biosynthetic-additional,11,"ab initio prediction:Prodigal:002006,similar to AA sequence:UniProtKB:Q2G1M6",NA,NA,NA,NA,NA,NA,NA,NA,NA,NA,NA,4.1.1.117,"Orn_DAP_Arg_deC (E-value: 2.6e-14,bitscore: 52.1, seeds: 500, tool: rule-based-clusters),Orn_Arg_deC_N (E-value: 2.5e-34, bitscore:117.6, seeds: 15, tool: rule-based-clusters)",COG:COG0019,NA,cds-PKJGIIBK_01380,cog_06,9,PKJGIIBK_01380,cog_06 (9)
cds-PKJGIIBK_01390,Staphylobactin_6.1.1,NZ_CP061007.1.region003,4231,5007,-,CDS,,,NA,NA,0,garL_1,NA,NA,NA,NA,NA,NA,5-keto-4-deoxy-D-glucarate aldolase,NA,NA,NA,PKJGIIBK_01390,NA,NA,11,"ab initio prediction:Prodigal:002006,similar to AA sequence:UniProtKB:P23522",NA,NA,NA,NA,NA,NA,NA,NA,NA,NA,NA,4.1.2.20,NA,COG:COG3836,NA,cds-PKJGIIBK_01390,cog_07,9,PKJGIIBK_01390,cog_07 (9)
cds-PKJGIIBK_01400,Staphylobactin_6.1.1,NZ_CP061007.1.region003,5001,6764,-,CDS,,,NA,NA,0,sbnF,NA,NA,NA,NA,NA,NA,2-[(L-alanin-3-ylcarbamoyl)methyl]-3-(2-aminoethylcarbamoyl)-2-hydroxypropanoate synthase,NA,NA,NA,PKJGIIBK_01400,biosynthetic (rule-based-clusters)siderophore: IucA_IucC,biosynthetic,11,"ab initio prediction:Prodigal:002006,similar to AA sequence:UniProtKB:Q2G1M8",NA,NA,NA,NA,NA,NA,NA,NA,NA,NA,NA,6.3.2.55,"IucA_IucC (E-value: 1.3e-67, bitscore:226.8, seeds: 168, tool: rule-based-clusters)",COG:COG4264,NA,cds-PKJGIIBK_01400,cog_02,10,PKJGIIBK_01400,cog_02 (10)
cds-PKJGIIBK_01410,Staphylobactin_6.1.1,NZ_CP061007.1.region003,6761,8404,-,CDS,,,NA,NA,0,sbnE,NA,NA,NA,NA,NA,NA,"L-2,3-diaminopropanoate--citrate ligase",NA,NA,NA,PKJGIIBK_01410,biosynthetic (rule-based-clusters)siderophore: IucA_IucC,biosynthetic,11,"ab initio prediction:Prodigal:002006,similar to AA sequence:UniProtKB:Q2G1M9",NA,NA,NA,NA,NA,NA,NA,NA,NA,NA,NA,6.3.2.54,"IucA_IucC (E-value: 1.1e-59, bitscore:200.8, seeds: 168, tool: rule-based-clusters)",COG:COG4264,NA,cds-PKJGIIBK_01410,cog_01,17,PKJGIIBK_01410,cog_01 (17)
cds-PKJGIIBK_01420,Staphylobactin_6.1.1,NZ_CP061007.1.region003,8401,9618,-,CDS,,,NA,NA,0,sbnD,NA,NA,NA,NA,NA,NA,Staphyloferrin B transporter,NA,NA,NA,PKJGIIBK_01420,transport (smcogs) SMCOG1184:majorfacilitator transporter (Score: 78.8%3b E-value: 5.4e-24),transport,11,"ab initio prediction:Prodigal:002006,similar to AA sequence:UniProtKB:Q2G1N0",NA,NA,NA,NA,NA,NA,NA,NA,NA,NA,NA,NA,NA,NA,NA,cds-PKJGIIBK_01420,cog_05,9,PKJGIIBK_01420,cog_05 (9)
cds-PKJGIIBK_01430,Staphylobactin_6.1.1,NZ_CP061007.1.region003,9618,11342,-,CDS,,,NA,NA,0,sbnC,NA,NA,NA,NA,NA,NA,Staphyloferrin B synthase,NA,NA,NA,PKJGIIBK_01430,biosynthetic (rule-based-clusters)siderophore: IucA_IucC,biosynthetic,11,"ab initio prediction:Prodigal:002006,similar to AA sequence:UniProtKB:Q2G1N1",NA,NA,NA,NA,NA,NA,NA,NA,NA,NA,NA,6.3.2.56,"IucA_IucC (E-value: 1.9e-46, bitscore:157.5, seeds: 168, tool: rule-based-clusters)",COG:COG4264,NA,cds-PKJGIIBK_01430,cog_01,17,PKJGIIBK_01430,cog_01 (17)
cds-PKJGIIBK_01440,Staphylobactin_6.1.1,NZ_CP061007.1.region003,11342,12355,-,CDS,,,NA,NA,0,sbnB,NA,NA,NA,NA,NA,NA,N-((2S)-2-amino-2-carboxyethyl)-L-glutamatedehydrogenase,NA,NA,NA,PKJGIIBK_01440,biosynthetic-additional (smcogs)SMCOG1158:ornithine cyclodeaminase (Score: 331.7%3b E-value:5.7e-101),biosynthetic-additional,11,"ab initio prediction:Prodigal:002006,similar to AA sequence:UniProtKB:Q2G1N2",NA,NA,NA,NA,NA,NA,NA,NA,NA,NA,NA,1.5.1.51,NA,COG:COG2423,NA,cds-PKJGIIBK_01440,cog_04,9,PKJGIIBK_01440,cog_04 (9)
cds-PKJGIIBK_01450,Staphylobactin_6.1.1,NZ_CP061007.1.region003,12371,13354,-,CDS,,,NA,NA,0,sbnA_1,NA,NA,NA,NA,NA,NA,N-(2-amino-2-carboxyethyl)-L-glutamate synthase,NA,NA,NA,PKJGIIBK_01450,biosynthetic-additional (smcogs)SMCOG1081:cysteine synthase (Score: 384.4%3b E-value:5.5e-117),biosynthetic-additional,11,"ab initio prediction:Prodigal:002006,similar to AA sequence:UniProtKB:A6QDA0",NA,NA,NA,NA,NA,NA,NA,NA,NA,NA,NA,2.5.1.140,NA,NA,NA,cds-PKJGIIBK_01450,cog_03,9,PKJGIIBK_01450,cog_03 (9)
cds-PKJGIIBK_01460,Staphylobactin_6.1.1,NZ_CP061007.1.region003,14281,15984,+,CDS,,,NA,NA,NA,NA,NA,NA,NA,NA,NA,NA,IS1634 family transposase ISMac10,NA,NA,NA,PKJGIIBK_01460,NA,NA,11,"ab initio prediction:Prodigal:002006,similar to AA sequence:ISfinder:ISMac10",NA,NA,NA,NA,NA,NA,NA,NA,NA,NA,NA,NA,NA,NA,NA,cds-PKJGIIBK_01460,cog_10,3,PKJGIIBK_01460,rare
